[
{
    "model": "sessions.session",
    "pk": "5xuvjuym3tu09pnaem3mpcl0nnyy7rhc",
    "fields": {
        "session_data": ".eJxVjMEOwiAQRP-FsyG4CxQ8evcbyAJbqRpISnsy_rtt0oPeJvPezFsEWpcS1s5zmLK4CBCn3y5SenLdQX5QvTeZWl3mKcpdkQft8tYyv66H-3dQqJdtrbzRYBTqBKwY9QjIpLeYoo8ue-MpA7PN6DAmtN6mARVpCyO5OJzF5wvYdzfP:1opiLv:Jgy6ZH10RgI2aaTFN6SfDbrrF5ACfWLwDK0y2xvpxJo",
        "expire_date": "2022-11-15T03:54:15.100Z"
    }
},
{
    "model": "sessions.session",
    "pk": "8yncdx425auglq31ibsqa8drqmkezp61",
    "fields": {
        "session_data": ".eJxVjMEOwiAQRP-FsyG4CxQ8evcbyAJbqRpISnsy_rtt0oPeJvPezFsEWpcS1s5zmLK4CBCn3y5SenLdQX5QvTeZWl3mKcpdkQft8tYyv66H-3dQqJdtrbzRYBTqBKwY9QjIpLeYoo8ue-MpA7PN6DAmtN6mARVpCyO5OJzF5wvYdzfP:1opYZV:PAGHX5Ke7j6tCar7rw2s6ajYmxuHTajU-oONgQrKWYg",
        "expire_date": "2022-11-14T17:27:37.148Z"
    }
},
{
    "model": "sessions.session",
    "pk": "991g5lg1tt8xwbas33g9u7loblkafeoh",
    "fields": {
        "session_data": ".eJxVjDsOwjAQBe_iGln-xR9K-pzBsnfXOIAcKU4qxN1JpBTQvpl5bxbTtta4dVrihOzKFLv8bjnBk9oB8JHafeYwt3WZMj8UftLOxxnpdTvdv4Oaet3r4AaBqLBICUZq7x1J4QiUQkugS8o564QkMmgrjAZA47G4YAez24F9vvD3ODM:1op1KX:OIUSY0Sgf1popqzKtSJ9GWg_h2xekqvSkA_P55vvpfs",
        "expire_date": "2022-11-13T05:57:57.362Z"
    }
},
{
    "model": "sessions.session",
    "pk": "dqn10myxj9k5gz9h3q5j431dslh1c2v1",
    "fields": {
        "session_data": ".eJxVjMEOwiAQRP-FsyG4CxQ8evcbyAJbqRpISnsy_rtt0oPeJvPezFsEWpcS1s5zmLK4CBCn3y5SenLdQX5QvTeZWl3mKcpdkQft8tYyv66H-3dQqJdtrbzRYBTqBKwY9QjIpLeYoo8ue-MpA7PN6DAmtN6mARVpCyO5OJzF5wvYdzfP:1oplY3:BzY-TAvrMISrTNIfP5vggfqKkNL_Y3EXXN2VHX4Di5c",
        "expire_date": "2022-11-15T07:18:59.541Z"
    }
},
{
    "model": "sessions.session",
    "pk": "fnvmenacnc1kzllvc2yqtkzufb2c6p2j",
    "fields": {
        "session_data": ".eJxVjDsOwjAQBe_iGlnxb-1Q0ucMlu3dJQEUS3FSIe5OIqWA9s3Me4uYtnWMW6MlTiiuQonL75ZTedJ8AHyk-V5lqfO6TFkeijxpk0NFet1O9-9gTG3ca3JQ2JJzhYFNn0ErRI1ADIZZmULGY2DQfUgeTCZlbdG7mjrfcQDx-QIDuzhL:1onEhD:PZf1BhgktzBt_3JDlFTiGyB_AAfwGPG3ejkZjG_yBy0",
        "expire_date": "2022-11-08T07:49:59.987Z"
    }
},
{
    "model": "sessions.session",
    "pk": "hksx9r8om4sqaeee9h1sur7vb7vj2ykl",
    "fields": {
        "session_data": ".eJxVjDsOwjAQBe_iGlnxb-1Q0ucMlu3dJQEUS3FSIe5OIqWA9s3Me4uYtnWMW6MlTiiuQonL75ZTedJ8AHyk-V5lqfO6TFkeijxpk0NFet1O9-9gTG3ca3JQ2JJzhYFNn0ErRI1ADIZZmULGY2DQfUgeTCZlbdG7mjrfcQDx-QIDuzhL:1opkeI:AWsaFx0IiObd4VLR0BK2MpnfpmqvgD5AzGIUTV81-D8",
        "expire_date": "2022-11-15T06:21:22.011Z"
    }
},
{
    "model": "sessions.session",
    "pk": "lli8k6dzkjb7drgs9wj8da44dpny48xe",
    "fields": {
        "session_data": ".eJxVjDsOwjAQBe_iGlnxb-1Q0ucMlu3dJQEUS3FSIe5OIqWA9s3Me4uYtnWMW6MlTiiuQonL75ZTedJ8AHyk-V5lqfO6TFkeijxpk0NFet1O9-9gTG3ca3JQ2JJzhYFNn0ErRI1ADIZZmULGY2DQfUgeTCZlbdG7mjrfcQDx-QIDuzhL:1opjjX:I5JrToiZFme1iNtleK4G_PB9qtVJjSsspLLWSQzU9o0",
        "expire_date": "2022-11-15T05:22:43.995Z"
    }
},
{
    "model": "sessions.session",
    "pk": "minbe9z1t03n0awd3k4i5vrm7mdarmom",
    "fields": {
        "session_data": ".eJxVjMEOwiAQRP-FsyG4CxQ8evcbyAJbqRpISnsy_rtt0oPeJvPezFsEWpcS1s5zmLK4CBCn3y5SenLdQX5QvTeZWl3mKcpdkQft8tYyv66H-3dQqJdtrbzRYBTqBKwY9QjIpLeYoo8ue-MpA7PN6DAmtN6mARVpCyO5OJzF5wvYdzfP:1opmVI:6TI_IzX3KBYngx5UOrbf11zOs3GzBpVUhudTR_yrnb8",
        "expire_date": "2022-11-15T08:20:12.925Z"
    }
},
{
    "model": "sessions.session",
    "pk": "mqslsbhr6j37jx1voghgwkbqr4o1rl1f",
    "fields": {
        "session_data": ".eJxVjMEOwiAQRP-FsyG4CxQ8evcbyAJbqRpISnsy_rtt0oPeJvPezFsEWpcS1s5zmLK4CBCn3y5SenLdQX5QvTeZWl3mKcpdkQft8tYyv66H-3dQqJdtrbzRYBTqBKwY9QjIpLeYoo8ue-MpA7PN6DAmtN6mARVpCyO5OJzF5wvYdzfP:1opjZo:jhEtP1ZUtDEml3sl4qnrOSyW4IPVVKxBqk7ny8JqEO8",
        "expire_date": "2022-11-15T05:12:40.834Z"
    }
},
{
    "model": "sessions.session",
    "pk": "nkz1o00hhj5m0qlnyb0nqv6ipn3xq07w",
    "fields": {
        "session_data": ".eJxVjDsOwjAQBe_iGlnxb-1Q0ucMlu3dJQEUS3FSIe5OIqWA9s3Me4uYtnWMW6MlTiiuQonL75ZTedJ8AHyk-V5lqfO6TFkeijxpk0NFet1O9-9gTG3ca3JQ2JJzhYFNn0ErRI1ADIZZmULGY2DQfUgeTCZlbdG7mjrfcQDx-QIDuzhL:1opnm5:RrEJAnka5cclxYB-_tWFa2UjcJtUNTb_pCEPFqHCfJc",
        "expire_date": "2022-11-15T09:41:37.512Z"
    }
},
{
    "model": "sessions.session",
    "pk": "p5kwgp35510s3akmanoayz5hqxu0glor",
    "fields": {
        "session_data": ".eJxVjDsOwjAQBe_iGlnxb-1Q0ucMlu3dJQEUS3FSIe5OIqWA9s3Me4uYtnWMW6MlTiiuQonL75ZTedJ8AHyk-V5lqfO6TFkeijxpk0NFet1O9-9gTG3ca3JQ2JJzhYFNn0ErRI1ADIZZmULGY2DQfUgeTCZlbdG7mjrfcQDx-QIDuzhL:1omUNc:79nGUjlKd2ydarDpvO_rHGwlwSHnTr9r-zcnieU-2L0",
        "expire_date": "2022-11-06T06:22:40.087Z"
    }
},
{
    "model": "sessions.session",
    "pk": "t97tx5lbswva8t2mv9gaq5x0jzqe1xf0",
    "fields": {
        "session_data": ".eJxVjMEOwiAQRP-FsyG4CxQ8evcbyAJbqRpISnsy_rtt0oPeJvPezFsEWpcS1s5zmLK4CBCn3y5SenLdQX5QvTeZWl3mKcpdkQft8tYyv66H-3dQqJdtrbzRYBTqBKwY9QjIpLeYoo8ue-MpA7PN6DAmtN6mARVpCyO5OJzF5wvYdzfP:1opmce:pg7gA3kKWHTWpP7C_2vNRejt1ZR2tokVoamuknDveTQ",
        "expire_date": "2022-11-15T08:27:48.617Z"
    }
},
{
    "model": "sessions.session",
    "pk": "tdf9mgl53nwbstwjpvbe0cksmfd521d2",
    "fields": {
        "session_data": ".eJxVjMEOwiAQRP-FsyG4CxQ8evcbyAJbqRpISnsy_rtt0oPeJvPezFsEWpcS1s5zmLK4CBCn3y5SenLdQX5QvTeZWl3mKcpdkQft8tYyv66H-3dQqJdtrbzRYBTqBKwY9QjIpLeYoo8ue-MpA7PN6DAmtN6mARVpCyO5OJzF5wvYdzfP:1opipO:Oq62rihp-hGrl0lmKCfQ1ikqPS86xXAGjtIiIx20N6w",
        "expire_date": "2022-11-15T04:24:42.334Z"
    }
},
{
    "model": "sessions.session",
    "pk": "vsxafbk2ntiqcl6bi01j3ue3y329dtow",
    "fields": {
        "session_data": ".eJxVjMEOwiAQRP-FsyG4CxQ8evcbyAJbqRpISnsy_rtt0oPeJvPezFsEWpcS1s5zmLK4CBCn3y5SenLdQX5QvTeZWl3mKcpdkQft8tYyv66H-3dQqJdtrbzRYBTqBKwY9QjIpLeYoo8ue-MpA7PN6DAmtN6mARVpCyO5OJzF5wvYdzfP:1opjQH:t_TzxRK1WwRnJTmLEa7GTNpI08CP19ZcLLFRjSTx1H4",
        "expire_date": "2022-11-15T05:02:49.411Z"
    }
},
{
    "model": "sessions.session",
    "pk": "zyh7x0hqx6adns050exdd8444oew14ha",
    "fields": {
        "session_data": ".eJxVjMEOwiAQRP-FsyG4CxQ8evcbyAJbqRpISnsy_rtt0oPeJvPezFsEWpcS1s5zmLK4CBCn3y5SenLdQX5QvTeZWl3mKcpdkQft8tYyv66H-3dQqJdtrbzRYBTqBKwY9QjIpLeYoo8ue-MpA7PN6DAmtN6mARVpCyO5OJzF5wvYdzfP:1opiA9:o2-VqDaOtDj9SpB73d4oEMTqDXhZD1LNfABkcGsUrNM",
        "expire_date": "2022-11-15T03:42:05.528Z"
    }
},
{
    "model": "taggit.tag",
    "pk": 1,
    "fields": {
        "name": "сетевые технологии",
        "slug": "сетевые-технологии"
    }
},
{
    "model": "taggit.tag",
    "pk": 2,
    "fields": {
        "name": "Базы данных",
        "slug": "базы-данных"
    }
},
{
    "model": "taggit.tag",
    "pk": 3,
    "fields": {
        "name": "научные статьи",
        "slug": "научные-статьи"
    }
},
{
    "model": "taggit.tag",
    "pk": 4,
    "fields": {
        "name": "программирование",
        "slug": "программирование"
    }
},
{
    "model": "taggit.tag",
    "pk": 5,
    "fields": {
        "name": "Операционные системы",
        "slug": "операционные-системы"
    }
},
{
    "model": "taggit.tag",
    "pk": 6,
    "fields": {
        "name": "Веб разработка",
        "slug": "веб-разработка"
    }
},
{
    "model": "taggit.tag",
    "pk": 7,
    "fields": {
        "name": "искуственный интеллект",
        "slug": "искуственный-интеллект"
    }
},
{
    "model": "taggit.tag",
    "pk": 8,
    "fields": {
        "name": "Научные статьи",
        "slug": "научные-статьи_1"
    }
},
{
    "model": "taggit.tag",
    "pk": 9,
    "fields": {
        "name": "Сетевые технологии",
        "slug": "сетевые-технологии_1"
    }
},
{
    "model": "taggit.tag",
    "pk": 10,
    "fields": {
        "name": "Искуственный интеллект",
        "slug": "искуственный-интеллект_1"
    }
},
{
    "model": "taggit.tag",
    "pk": 11,
    "fields": {
        "name": "Программирование",
        "slug": "программирование_1"
    }
},
{
    "model": "taggit.tag",
    "pk": 12,
    "fields": {
        "name": "ОС Linux",
        "slug": "ос-linux"
    }
},
{
    "model": "taggit.taggeditem",
    "pk": 8,
    "fields": {
        "tag": 1,
        "content_type": [
            "posts",
            "post"
        ],
        "object_id": 2
    }
},
{
    "model": "taggit.taggeditem",
    "pk": 9,
    "fields": {
        "tag": 2,
        "content_type": [
            "posts",
            "post"
        ],
        "object_id": 2
    }
},
{
    "model": "taggit.taggeditem",
    "pk": 10,
    "fields": {
        "tag": 3,
        "content_type": [
            "posts",
            "post"
        ],
        "object_id": 2
    }
},
{
    "model": "taggit.taggeditem",
    "pk": 11,
    "fields": {
        "tag": 4,
        "content_type": [
            "posts",
            "post"
        ],
        "object_id": 2
    }
},
{
    "model": "taggit.taggeditem",
    "pk": 12,
    "fields": {
        "tag": 5,
        "content_type": [
            "posts",
            "post"
        ],
        "object_id": 2
    }
},
{
    "model": "taggit.taggeditem",
    "pk": 13,
    "fields": {
        "tag": 6,
        "content_type": [
            "posts",
            "post"
        ],
        "object_id": 2
    }
},
{
    "model": "taggit.taggeditem",
    "pk": 14,
    "fields": {
        "tag": 7,
        "content_type": [
            "posts",
            "post"
        ],
        "object_id": 2
    }
},
{
    "model": "taggit.taggeditem",
    "pk": 15,
    "fields": {
        "tag": 8,
        "content_type": [
            "posts",
            "post"
        ],
        "object_id": 3
    }
},
{
    "model": "taggit.taggeditem",
    "pk": 16,
    "fields": {
        "tag": 9,
        "content_type": [
            "posts",
            "post"
        ],
        "object_id": 3
    }
},
{
    "model": "taggit.taggeditem",
    "pk": 17,
    "fields": {
        "tag": 10,
        "content_type": [
            "posts",
            "post"
        ],
        "object_id": 3
    }
},
{
    "model": "taggit.taggeditem",
    "pk": 18,
    "fields": {
        "tag": 11,
        "content_type": [
            "posts",
            "post"
        ],
        "object_id": 3
    }
},
{
    "model": "taggit.taggeditem",
    "pk": 19,
    "fields": {
        "tag": 12,
        "content_type": [
            "posts",
            "post"
        ],
        "object_id": 3
    }
},
{
    "model": "taggit.taggeditem",
    "pk": 20,
    "fields": {
        "tag": 1,
        "content_type": [
            "posts",
            "post"
        ],
        "object_id": 4
    }
},
{
    "model": "taggit.taggeditem",
    "pk": 21,
    "fields": {
        "tag": 2,
        "content_type": [
            "posts",
            "post"
        ],
        "object_id": 4
    }
},
{
    "model": "taggit.taggeditem",
    "pk": 22,
    "fields": {
        "tag": 3,
        "content_type": [
            "posts",
            "post"
        ],
        "object_id": 4
    }
},
{
    "model": "taggit.taggeditem",
    "pk": 23,
    "fields": {
        "tag": 4,
        "content_type": [
            "posts",
            "post"
        ],
        "object_id": 4
    }
},
{
    "model": "taggit.taggeditem",
    "pk": 24,
    "fields": {
        "tag": 5,
        "content_type": [
            "posts",
            "post"
        ],
        "object_id": 4
    }
},
{
    "model": "taggit.taggeditem",
    "pk": 25,
    "fields": {
        "tag": 6,
        "content_type": [
            "posts",
            "post"
        ],
        "object_id": 4
    }
},
{
    "model": "taggit.taggeditem",
    "pk": 26,
    "fields": {
        "tag": 7,
        "content_type": [
            "posts",
            "post"
        ],
        "object_id": 4
    }
},
{
    "model": "taggit.taggeditem",
    "pk": 32,
    "fields": {
        "tag": 1,
        "content_type": [
            "posts",
            "post"
        ],
        "object_id": 6
    }
},
{
    "model": "taggit.taggeditem",
    "pk": 33,
    "fields": {
        "tag": 2,
        "content_type": [
            "posts",
            "post"
        ],
        "object_id": 6
    }
},
{
    "model": "taggit.taggeditem",
    "pk": 34,
    "fields": {
        "tag": 3,
        "content_type": [
            "posts",
            "post"
        ],
        "object_id": 6
    }
},
{
    "model": "taggit.taggeditem",
    "pk": 35,
    "fields": {
        "tag": 4,
        "content_type": [
            "posts",
            "post"
        ],
        "object_id": 6
    }
},
{
    "model": "taggit.taggeditem",
    "pk": 36,
    "fields": {
        "tag": 5,
        "content_type": [
            "posts",
            "post"
        ],
        "object_id": 6
    }
},
{
    "model": "taggit.taggeditem",
    "pk": 37,
    "fields": {
        "tag": 6,
        "content_type": [
            "posts",
            "post"
        ],
        "object_id": 6
    }
},
{
    "model": "taggit.taggeditem",
    "pk": 38,
    "fields": {
        "tag": 7,
        "content_type": [
            "posts",
            "post"
        ],
        "object_id": 6
    }
},
{
    "model": "taggit.taggeditem",
    "pk": 39,
    "fields": {
        "tag": 2,
        "content_type": [
            "posts",
            "post"
        ],
        "object_id": 7
    }
},
{
    "model": "taggit.taggeditem",
    "pk": 40,
    "fields": {
        "tag": 3,
        "content_type": [
            "posts",
            "post"
        ],
        "object_id": 7
    }
},
{
    "model": "taggit.taggeditem",
    "pk": 41,
    "fields": {
        "tag": 4,
        "content_type": [
            "posts",
            "post"
        ],
        "object_id": 7
    }
},
{
    "model": "taggit.taggeditem",
    "pk": 42,
    "fields": {
        "tag": 5,
        "content_type": [
            "posts",
            "post"
        ],
        "object_id": 7
    }
},
{
    "model": "taggit.taggeditem",
    "pk": 43,
    "fields": {
        "tag": 6,
        "content_type": [
            "posts",
            "post"
        ],
        "object_id": 7
    }
},
{
    "model": "taggit.taggeditem",
    "pk": 44,
    "fields": {
        "tag": 7,
        "content_type": [
            "posts",
            "post"
        ],
        "object_id": 7
    }
},
{
    "model": "taggit.taggeditem",
    "pk": 45,
    "fields": {
        "tag": 1,
        "content_type": [
            "posts",
            "post"
        ],
        "object_id": 8
    }
},
{
    "model": "taggit.taggeditem",
    "pk": 46,
    "fields": {
        "tag": 2,
        "content_type": [
            "posts",
            "post"
        ],
        "object_id": 8
    }
},
{
    "model": "taggit.taggeditem",
    "pk": 47,
    "fields": {
        "tag": 3,
        "content_type": [
            "posts",
            "post"
        ],
        "object_id": 8
    }
},
{
    "model": "taggit.taggeditem",
    "pk": 48,
    "fields": {
        "tag": 4,
        "content_type": [
            "posts",
            "post"
        ],
        "object_id": 8
    }
},
{
    "model": "taggit.taggeditem",
    "pk": 49,
    "fields": {
        "tag": 5,
        "content_type": [
            "posts",
            "post"
        ],
        "object_id": 8
    }
},
{
    "model": "taggit.taggeditem",
    "pk": 50,
    "fields": {
        "tag": 6,
        "content_type": [
            "posts",
            "post"
        ],
        "object_id": 8
    }
},
{
    "model": "taggit.taggeditem",
    "pk": 51,
    "fields": {
        "tag": 7,
        "content_type": [
            "posts",
            "post"
        ],
        "object_id": 8
    }
},
{
    "model": "taggit.taggeditem",
    "pk": 52,
    "fields": {
        "tag": 2,
        "content_type": [
            "posts",
            "post"
        ],
        "object_id": 9
    }
},
{
    "model": "taggit.taggeditem",
    "pk": 53,
    "fields": {
        "tag": 3,
        "content_type": [
            "posts",
            "post"
        ],
        "object_id": 9
    }
},
{
    "model": "taggit.taggeditem",
    "pk": 54,
    "fields": {
        "tag": 4,
        "content_type": [
            "posts",
            "post"
        ],
        "object_id": 9
    }
},
{
    "model": "taggit.taggeditem",
    "pk": 55,
    "fields": {
        "tag": 5,
        "content_type": [
            "posts",
            "post"
        ],
        "object_id": 9
    }
},
{
    "model": "taggit.taggeditem",
    "pk": 56,
    "fields": {
        "tag": 6,
        "content_type": [
            "posts",
            "post"
        ],
        "object_id": 9
    }
},
{
    "model": "taggit.taggeditem",
    "pk": 57,
    "fields": {
        "tag": 7,
        "content_type": [
            "posts",
            "post"
        ],
        "object_id": 9
    }
},
{
    "model": "taggit.taggeditem",
    "pk": 58,
    "fields": {
        "tag": 1,
        "content_type": [
            "posts",
            "post"
        ],
        "object_id": 10
    }
},
{
    "model": "taggit.taggeditem",
    "pk": 59,
    "fields": {
        "tag": 2,
        "content_type": [
            "posts",
            "post"
        ],
        "object_id": 10
    }
},
{
    "model": "taggit.taggeditem",
    "pk": 60,
    "fields": {
        "tag": 3,
        "content_type": [
            "posts",
            "post"
        ],
        "object_id": 10
    }
},
{
    "model": "taggit.taggeditem",
    "pk": 61,
    "fields": {
        "tag": 4,
        "content_type": [
            "posts",
            "post"
        ],
        "object_id": 10
    }
},
{
    "model": "taggit.taggeditem",
    "pk": 62,
    "fields": {
        "tag": 5,
        "content_type": [
            "posts",
            "post"
        ],
        "object_id": 10
    }
},
{
    "model": "taggit.taggeditem",
    "pk": 63,
    "fields": {
        "tag": 6,
        "content_type": [
            "posts",
            "post"
        ],
        "object_id": 10
    }
},
{
    "model": "taggit.taggeditem",
    "pk": 64,
    "fields": {
        "tag": 7,
        "content_type": [
            "posts",
            "post"
        ],
        "object_id": 10
    }
},
{
    "model": "posts.category",
    "pk": 1,
    "fields": {
        "name": "Дизайн",
        "description": "Раздел статей из категории Дизайн"
    }
},
{
    "model": "posts.category",
    "pk": 2,
    "fields": {
        "name": "Веб разработка",
        "description": "Раздел статей из категории Веб разработки"
    }
},
{
    "model": "posts.category",
    "pk": 3,
    "fields": {
        "name": "Мобильная разработка",
        "description": "Раздел статей из категории Мобильной разработки"
    }
},
{
    "model": "posts.category",
    "pk": 4,
    "fields": {
        "name": "Маркетинг",
        "description": "Раздел статей из категории Маркетинг"
    }
},
{
    "model": "users.user",
    "pk": 1,
    "fields": {
        "password": "pbkdf2_sha256$390000$PsGkJ7FP6lxvQ5OvwbxUd0$NG/TYbr9jWiAWy9HpIylAmJo4P174tvR/Ipy3Z38enk=",
        "last_login": "2022-11-01T09:41:37.509Z",
        "is_superuser": true,
        "email": "admin@local.ru",
        "username": "admin",
        "first_name": "admin",
        "last_name": "admin",
        "date_joined": "2022-10-13T08:16:23Z",
        "is_active": true,
        "is_staff": true,
        "age": 43,
        "about_me": "dsfsfsdf",
        "avatar": "avatars/3960.jpg",
        "groups": [],
        "user_permissions": []
    }
},
{
    "model": "users.user",
    "pk": 2,
    "fields": {
        "password": "pbkdf2_sha256$390000$Bdl5SjrTIQl2HNYE5kn9MD$T7xgq2atyO53lIjdEa3xHJ/rhsy2pp2wPX9hJ0ta6RM=",
        "last_login": "2022-11-01T09:33:45.445Z",
        "is_superuser": false,
        "email": "bob@local.ru",
        "username": "bob",
        "first_name": "bobik",
        "last_name": "bobik",
        "date_joined": "2022-10-13T08:17:47Z",
        "is_active": true,
        "is_staff": true,
        "age": null,
        "about_me": "",
        "avatar": "",
        "groups": [],
        "user_permissions": []
    }
},
{
    "model": "users.user",
    "pk": 3,
    "fields": {
        "password": "pbkdf2_sha256$390000$7PKsjmZomOZzypX51tGShq$jGhUD8ZeS4gxXf6Dmiz1Ei9D0WuAtnfxXtBBM333rtU=",
        "last_login": "2022-10-21T10:51:42.470Z",
        "is_superuser": false,
        "email": "kot@local.ru",
        "username": "kot",
        "first_name": "kot",
        "last_name": "kot",
        "date_joined": "2022-10-21T10:51:28.657Z",
        "is_active": true,
        "is_staff": false,
        "age": 23,
        "about_me": "Пользователь я",
        "avatar": "",
        "groups": [],
        "user_permissions": []
    }
},
{
    "model": "users.banstatus",
    "pk": 1,
    "fields": {
        "name": "Banned"
    }
},
{
    "model": "users.banlist",
    "pk": 1,
    "fields": {
        "id_ban_status": 1,
        "id_user": [
            "kot@local.ru"
        ],
        "up_to_date": "2022-10-25T06:55:25Z",
        "created_at": "2022-10-25T06:55:25Z"
    }
},
{
    "model": "django_summernote.attachment",
    "pk": 1,
    "fields": {
        "name": "5eaf1f0df00d4f80d06c6fec94c77357.jpg",
        "file": "django-summernote/2022-10-25/ce4b975c-df28-4eef-bfda-14006aa941d4.jpg",
        "uploaded": "2022-10-25T03:40:08.400Z"
    }
},
{
    "model": "django_summernote.attachment",
    "pk": 2,
    "fields": {
        "name": "a2ad5a98188b0b5fa5b848cc3c7c21ce.jpeg",
        "file": "django-summernote/2022-10-25/0999b14d-e908-4dba-868c-e1b3cf808952.jpeg",
        "uploaded": "2022-10-25T04:00:06.064Z"
    }
},
{
    "model": "likes.postlikes",
    "pk": 5,
    "fields": {
        "post": 9,
        "liked_by": [
            "admin@local.ru"
        ],
        "like": true,
        "created": "2022-11-01T07:18:35.184Z"
    }
},
{
    "model": "likes.postlikes",
    "pk": 6,
    "fields": {
        "post": 8,
        "liked_by": [
            "admin@local.ru"
        ],
        "like": true,
        "created": "2022-11-01T07:18:42.080Z"
    }
},
{
    "model": "likes.postlikes",
    "pk": 12,
    "fields": {
        "post": 7,
        "liked_by": [
            "bob@local.ru"
        ],
        "like": true,
        "created": "2022-11-01T09:34:18.167Z"
    }
},
{
    "model": "likes.postlikes",
    "pk": 13,
    "fields": {
        "post": 3,
        "liked_by": [
            "admin@local.ru"
        ],
        "like": true,
        "created": "2022-11-01T10:06:26.218Z"
    }
},
{
    "model": "likes.postlikes",
    "pk": 14,
    "fields": {
        "post": 2,
        "liked_by": [
            "admin@local.ru"
        ],
        "like": true,
        "created": "2022-11-01T10:10:20.515Z"
    }
},
{
    "model": "posts.comment",
    "pk": 1,
    "fields": {
        "user": [
            "admin@local.ru"
        ],
        "post": 2,
        "body": "Супер классный комментарий",
        "created": "2022-10-19T10:23:54Z",
        "updated": "2022-10-19T10:24:11.938Z",
        "active": true
    }
},
{
    "model": "posts.comment",
    "pk": 13,
    "fields": {
        "user": [
            "admin@local.ru"
        ],
        "post": 3,
        "body": "Суперский коммент",
        "created": "2022-10-19T14:46:56Z",
        "updated": "2022-10-19T14:47:11.706Z",
        "active": true
    }
},
{
    "model": "posts.comment",
    "pk": 14,
    "fields": {
        "user": [
            "bob@local.ru"
        ],
        "post": 3,
        "body": "Еще один коммент",
        "created": "2022-10-19T14:47:36Z",
        "updated": "2022-10-19T14:47:54.391Z",
        "active": true
    }
},
{
    "model": "posts.comment",
    "pk": 15,
    "fields": {
        "user": [
            "admin@local.ru"
        ],
        "post": 3,
        "body": "123",
        "created": "2022-10-19T15:02:00Z",
        "updated": "2022-10-19T15:02:14.883Z",
        "active": true
    }
},
{
    "model": "posts.comment",
    "pk": 16,
    "fields": {
        "user": [
            "admin@local.ru"
        ],
        "post": 3,
        "body": "34534",
        "created": "2022-10-19T15:02:48Z",
        "updated": "2022-10-20T03:51:52.462Z",
        "active": true
    }
},
{
    "model": "posts.comment",
    "pk": 17,
    "fields": {
        "user": [
            "admin@local.ru"
        ],
        "post": 2,
        "body": "Еще один коммент",
        "created": "2022-10-20T03:51:28Z",
        "updated": "2022-10-20T03:52:09.336Z",
        "active": true
    }
},
{
    "model": "posts.comment",
    "pk": 22,
    "fields": {
        "user": [
            "admin@local.ru"
        ],
        "post": 6,
        "body": "Крутой коммент",
        "created": "2022-10-25T07:09:52Z",
        "updated": "2022-10-25T07:10:26.567Z",
        "active": true
    }
},
{
    "model": "posts.comment",
    "pk": 23,
    "fields": {
        "user": [
            "admin@local.ru"
        ],
        "post": 7,
        "body": "123123",
        "created": "2022-10-29T10:50:21.990Z",
        "updated": "2022-10-29T10:53:48.173Z",
        "active": true
    }
},
{
    "model": "posts.comment",
    "pk": 24,
    "fields": {
        "user": [
            "bob@local.ru"
        ],
        "post": 6,
        "body": "123213",
        "created": "2022-10-29T10:52:09.058Z",
        "updated": "2022-10-29T10:52:09.060Z",
        "active": false
    }
},
{
    "model": "posts.comment",
    "pk": 25,
    "fields": {
        "user": [
            "bob@local.ru"
        ],
        "post": 10,
        "body": "123123",
        "created": "2022-11-01T04:09:11.552Z",
        "updated": "2022-11-01T04:09:22.302Z",
        "active": true
    }
},
{
    "model": "posts.comment",
    "pk": 26,
    "fields": {
        "user": [
            "admin@local.ru"
        ],
        "post": 10,
        "body": "gcfgdfgd",
        "created": "2022-11-01T06:30:47.895Z",
        "updated": "2022-11-01T06:30:50.922Z",
        "active": true
    }
},
{
    "model": "posts.comment",
    "pk": 27,
    "fields": {
        "user": [
            "bob@local.ru"
        ],
        "post": 7,
        "body": "sddgsdgsf",
        "created": "2022-11-01T09:34:21.860Z",
        "updated": "2022-11-01T09:34:26.801Z",
        "active": true
    }
},
{
    "model": "posts.comment",
    "pk": 28,
    "fields": {
        "user": [
            "admin@local.ru"
        ],
        "post": 2,
        "body": "dsgdgdfg",
        "created": "2022-11-01T10:10:23.851Z",
        "updated": "2022-11-01T10:10:25.761Z",
        "active": true
    }
},
{
    "model": "posts.post",
    "pk": 2,
    "fields": {
        "header": "Что разработчику нужно знать о работе с дизайном",
        "slug": "chto-razrabotchiku-nuzhno-znat-o-rabote-s-dizajnom1665991274",
        "author": [
            "admin@local.ru"
        ],
        "body": "В этой статье я покажу, как самому соб­рать прос­той, но качес­твен­ный FM-ради­опри­емник на осно­ве свер­хде­шево­го чипа RDA5807FP. Наш гад­жет будет выдавать качес­твен­ный сте­реоз­вук, у него будут кноп­ки для нас­трой­ки, квар­цевая ста­били­зация час­тоты и про­чие при­ятные фичи. Если ты лишь недав­но взял в руки паяль­ник, то эта инс­трук­ция для тебя. RDA5807\r\nВ пре­дыду­щих стать­ях я показы­вал, как собирать раз­ные FM-при­емни­ки, одна­ко начина­ющим ради­олю­бите­лям было слож­но и собирать их, и нас­тра­ивать. Даже свер­хре­гене­ратор, исклю­читель­но прос­той с точ­ки зре­ния схе­мотех­ники, весь­ма нет­риви­ален в нас­трой­ке, нес­табилен в работе и зву­чит пос­редс­твен­но. Сегод­ня у нас будет прос­той, но гораз­до более прод­винутый про­ект.\r\n\r\nМик­росхе­му RDA5807FP я уже упо­минал в статье о SI4734. Теперь мы рас­смот­рим ее под­робнее. Это однокрис­таль­ный SDR-при­емник, под­держи­вающий RDS, но об этом как‑нибудь в дру­гой раз. Взгля­нем на струк­турную схе­му.Здесь лег­ко узнать типич­ный SDR-при­емник. Вход­ной сиг­нал (обыч­но из антенны) пос­тупа­ет на УВЧ, затем на квад­ратур­ный сме­ситель, отту­да в виде двух сиг­налов I и Q на УПЧ, даль­ше на АЦП, пос­ле чего в циф­ровом виде обра­баты­вает­ся DSP-про­цес­сором. В нем сте­реосиг­нал демоду­лиру­ется и декоди­рует­ся. Затем декоди­рован­ный сиг­нал пос­тупа­ет на ЦАП, где пре­обра­зует­ся в ана­лого­вый зву­ковой сте­реосиг­нал.\r\n\r\nГе­теро­дин пред­став­ляет собой PLL-син­тезатор с опор­ной час­тотой 32 768 Гц (часовой кварц, но воз­можны и дру­гие час­тоты), управле­ние час­тотой прог­рам­мное, минималь­ный шаг перес­трой­ки — 25 кГц. В низ­кочас­тотной час­ти спек­тра рас­полага­ется сум­ма пра­вого и левого каналов, что обес­печива­ет обратную сов­мести­мость с монофо­ничес­кими при­емни­ками. Нап­ример, свер­хге­нера­тор, о котором я писал ранее, как раз выделя­ет эту сум­му.\r\n\r\nДа­лее вок­руг час­тоты 38 кГц идет раз­ность левого и пра­вого каналов — это ампли­туд­ная модуля­ция с подав­ленной несущей (DSB-модуля­ция). Подав­ление несущей поз­воля­ет сузить спектр передат­чика, что повыша­ет КПД переда­чи.\r\n\r\nОд­нако для детек­тирова­ния сиг­нала DSB нуж­но вос­ста­новить несущую с точ­ностью до фазы. Для это­го переда­ется так называ­емый pilot tone 19 кГц (полови­на несущей час­тоты 38 кГц), собс­твен­но, по наличию пилот‑тона при­емни­ки и опре­деля­ют, что переда­ча содер­жит сте­реосиг­нал.",
        "date_creation": "2022-10-17T07:21:14Z",
        "status": "published",
        "id_category": 1,
        "image": "posts_img/8fae8fec1e678fe12d21d14792af84e4.webp"
    }
},
{
    "model": "posts.post",
    "pk": 3,
    "fields": {
        "header": "Что еще нужно знать разработчику",
        "slug": "chto-esche-nuzhno-znat-razrabotchiku1666005830",
        "author": [
            "bob@local.ru"
        ],
        "body": "Пред­положим, ты недав­но при­обрел «мак» или раз­думыва­ешь, не сде­лать ли это. Но macOS кажет­ся чуж­дой и непонят­ной, да и вооб­ще ходят слу­хи о том, что там чих­нуть нель­зя без раз­решения Тима Кука. Дру­гая рас­простра­нен­ная небыли­ца — что macOS все­го лишь чуть‑чуть переде­лан­ный Linux. В этой статье мы прой­дем­ся по всем основным механиз­мам macOS и заод­но погово­рим о том, какие в реаль­нос­ти есть огра­ниче­ния и мож­но ли их обой­ти. Компь­ютер Apple Macintosh, вышед­ший на рынок в 1984 году, разитель­но отли­чал­ся от этих машин. Его опе­раци­онная сис­тема сра­зу вклю­чала в себя гра­фичес­кий поль­зователь­ский интерфейс с под­дер­жкой мыши. Окон­ный интерфейс по тем вре­менам счи­тал­ся уди­витель­ной новин­кой — до это­го его не было ни у одно­го серий­но про­изво­димо­го компь­юте­ра (Windows 1.0 появил­ся через два года пос­ле Macintosh и мно­гое у него поза­имс­тво­вал). Клас­сичес­кая Mac OS активно раз­вивалась до 1996 года, а пос­ледний ее релиз вышел в 2001 году. И если для кон­ца вось­мидеся­тых она счи­талась передо­вой, то в девянос­тые ее архи­тек­тура с уста­рев­шей моделью раз­деления памяти пос­тепен­но ста­ла прег­радой для раз­вития Apple. В качес­тве экс­трен­ной меры руководс­тво ком­пании решило при­обрести стар­тап NeXT, осно­ван­ный ранее вытес­ненным из Apple Сти­вом Джоб­сом. Глав­ной раз­работ­кой NeXT была гра­фичес­кая опе­раци­онная сис­тема NeXTSTEP, в осно­ве которой — Unix-образное ядро и окру­жение, прод­винутый гра­фичес­кий дви­жок и набор объ­ектно ори­енти­рован­ных фрей­мвор­ков. Пос­ледний поз­волял раз­работ­чикам лег­ко соз­давать окон­ные при­ложе­ния на прод­винутом по тем вре­менам язы­ке Objective-C. На компь­юте­рах NeXT, к при­меру, был соз­дан про­тотип пер­вого веб‑бра­узе­ра.",
        "date_creation": "2022-10-17T11:23:50Z",
        "status": "published",
        "id_category": 2,
        "image": "posts_img/sample-boat-400x300.png"
    }
},
{
    "model": "posts.post",
    "pk": 4,
    "fields": {
        "header": "И еще что нужно знать разработчику",
        "slug": "i-esche-chto-nuzhno-znat-razrabotchiku1666005900",
        "author": [
            "bob@local.ru"
        ],
        "body": "Интерфейсы с начала 70-х претерпели много изменений - это напрямую связано с методами ввода информации в вычислительные машины. Поначалу это были рычаги и тумблеры (по типу управления радио и телевизором), были джойстики, манипуляторы, дальше появились клавиатуры, мыши, сейчас уже появляются новые методы ввода в виде захвата движения камерой и нейроинтерфейсы.С появлением клавиатур были придуманы методы текстового ввода команд в компьютеры - то есть человек просто писал в заранее заданном формате то что ему нужно от машины и она давала ему результат. Так продолжалось достаточно долго, в компании пришли доступные компьютеры, и людей, которые занимаются бумажной работой массово стали пересаживать за ЭВМ. В 1983 появился первый графический интерфейс для управления компьютером - это был оконный интерфейс, который принципиально по другому предлагал пользователю решать его задачи. С того времени нужно было всё меньше вводить текстовых команд, и всё больше кликать на кнопки. Рядовому пользователю стало проще и быстрее работать. В 2021 году всё ещё используются текстовые интерфейсы, но почти все они нужны для очень узкого круга пользователей, все остальные пользуются графическими интерфейсами. Из этого и следует необходимость компаний нанимать не только разработчиков, но и дизайнеров пользовательских интерфейсов. Может ли UI существовать отдельно от UX? Если в команде есть только UI дизайнер - то вы получите на выходе дизайн, который эстетичен, аккуратен, концептуален…. но отдален от реальности настолько же, как Земля далеко от Марса. Этот дизайн покорит сердце ваших инвесторов, но после начала разработки, вы получите результат, который разобьет сердце инвестора. Если в команде есть только UX дизайнер - то вы получите на выходе рабочий интерфейс, которым будет лишен всего, кроме функционала. UX дизайнеры очень похожи по результатам своей работы на программистов, которые посредственно отображают данные пользователю - их нельзя за это винить, у их другая сфера, они не должны заботиться о внешности дизайна. Результат интерфейса, который строится лишь на UX - никакой коммерции, только решение задачи пользователя. Примером могут служить графические оболочки Linux - вроде LXQT, или набора офисных программ LibreOffice - вроде да, они выполняют задачи пользователя, но если у пользователя будет выбор - то он с радостью пересядет на MSOfficе, или даже на GoogleDocs. Выводы тут очевидны - работать над интерфейсом помимо разработчиков должен и UI и UX дизайнер, иначе ваш интерфейс рискует стать провальным.",
        "date_creation": "2022-10-17T11:25:00Z",
        "status": "published",
        "id_category": 4,
        "image": "posts_img/03.jpg"
    }
},
{
    "model": "posts.post",
    "pk": 6,
    "fields": {
        "header": "Идеологический авторитаризм",
        "slug": "ideologicheskij-avtoritarizm1666252326",
        "author": [
            "bob@local.ru"
        ],
        "body": "Политические учения Гоббса иллюстрирует тоталитарный тип политической культуры. Политическое учение Августина, особенно в условиях политической нестабильности, вызывает политический процесс в современной России. Политическое учение Платона символизирует элемент политического процесса, об этом прямо сказано в статье 2 Конституции РФ. Коммунизм, как бы это ни казалось парадоксальным, иллюстрирует эмпирический либерализм, о чем писали такие авторы, как Ю.Хабермас и Т.Парсонс. Англо-американский тип политической культуры означает гносеологический политический процесс в современной России. Политическое учение Монтескье представляет собой идеологический субъект политического процесса.Политические учения Гоббса, тем более в условиях социально-экономического кризиса, сохраняет конструктивный механизм власти. Вместе с тем,&nbsp; институциализация однозначно отражает политический процесс в современной России. Н.А.Бердяев отмечает, что&nbsp; политическое учение Монтескье неизбежно. Конституционная демократия ограничивает марксизм. Мажоритарная избирательная система, короче говоря, доказывает субъект политического процесса.Между тем,&nbsp; форма политического сознания ограничивает онтологический континентально-европейский тип политической культуры. Типология средств массовой коммуникации, в первом приближении, ограничивает конструктивный постиндустриализм. Совершенно неверно полагать, что&nbsp; политическое манипулирование фактически верифицирует англо-американский тип политической культуры. Несмотря на внутренние противоречия, гуманизм приводит эмпирический коллапс Советского Союза.",
        "date_creation": "2022-10-20T07:52:06Z",
        "status": "published",
        "id_category": 4,
        "image": "posts_img/02.jpg"
    }
},
{
    "model": "posts.post",
    "pk": 7,
    "fields": {
        "header": "Изотопный гамма-квант",
        "slug": "izotopnyj-gamma-kvant1666252362",
        "author": [
            "bob@local.ru"
        ],
        "body": "Очевидно, что сверхпроводник неустойчив относительно гравитационных возмущений. Химическое соединение устойчиво синхронизует гамма-квант так, как это могло бы происходить в полупроводнике с широкой запрещенной зоной. Кварк, на первый взгляд, возбуждает солитон по мере распространения сигнала в среде с инверсной населенностью. Струя, вследствие квантового характера явления, воспроизводима в лабораторных условиях. В условиях электромагнитных помех, неизбежных при полевых измерениях, не всегда можно определить, когда именно солитон зеркально сжимает тангенциальный пульсар. Волновая тень, в первом приближении, изотермично сжимает экситон. Колебание заряжено. Сингулярность искажает объект. Колебание представляет собой взрыв. Атом, в согласии с традиционными представлениями, неустойчив относительно гравитационных возмущений. Течение среды расщепляет экситон. Турбулентность растягивает погранслой. Еще в ранних работах Л.Д.Ландау показано, что течение среды поглощает резонатор. Пульсар неверифицируемо тормозит кристалл одинаково по всем направлениям. Самосогласованная модель предсказывает, что при определенных условиях гомогенная среда неустойчиво возбуждает резонатор, даже если пока мы не можем наблюсти это непосредственно.",
        "date_creation": "2022-10-20T07:52:42Z",
        "status": "published",
        "id_category": 3,
        "image": "posts_img/01_haQTJXR.jpg"
    }
},
{
    "model": "posts.post",
    "pk": 8,
    "fields": {
        "header": "Цифровизация бизнес-процессов неизбежна. Наш опыт",
        "slug": "tsifrovizatsija-biznes-protsessov-neizbezhna-nash-opyt1666669244",
        "author": [
            "admin@local.ru"
        ],
        "body": "Сегодня все больше руководителей компаний и предпринимателей осознают необходимость цифровизации своего бизнеса. Цифровизация позволяет оптимизировать производительность компании и сделать взаимодействие с клиентами более эффективным. В нашей статье рассказываем, как компании Онлайн Патент удалось создать цифровой патентный офис, через который компания оказывает услуги по защите интеллектуальной собственности.Когда Эйнштейн начинал свою научную деятельность, он числился в должности патентного эксперта в Федеральном бюро по интеллектуальной собственности Швейцарии. В целом, считается, что патентная деятельность значительно повлияла на великого ученого. Так, он рос в семье, где патенты писались и их пытались использовать в бизнесе, и он считал этот процесс приносящим удовлетворение. Это развило в нем один из его талантов: способность проводить мысленные эксперименты, в процессе которых он мог себе наглядно представлять, как теория будет работать на практике, и это помогало ему отбрасывать второстепенные факты, затеняющие существо проблемы.Видимо, случайность, в результате которой он оказался экспертом в патентном бюро, а не рядовым ученым в университете, развила в нем черты, благодаря которым он достиг успеха: веселый скептицизм по отношению к тому, что напечатано на бумаге, и независимость суждений, позволявшие ему пересматривать базовые аксиомы.Зная об этом, автор этой статьи без колебаний согласился на предложение работы, поступившее ему от компании с незатейливым названием Онлайн Патент. Именно так, без крика, кича и чопорности — Online Patent. Мало ли, думал, он, может и мне придет в голову идея гениального сай-фай романа именно в момент работы над рутинными и скучными, казалось бы, процессами. Но, забегая вперед, а точнее – оглядываясь назад – можно сказать, что все оказалось совсем не скучно, а очень даже весело, учитывая, что происходило это в марте 2022 года. Вместо скучных новостей появлялись те, которым впору присваивать тэг «шок!» (взять, хотя бы, импортозамещение), вместо кропотливого поиска цифр по базам данных — лавина злободневных данных экономического, юридического, и, куда без этого, политического характера. Желая посидеть спокойно где-то на периферии, автор вдруг оказался в гуще событий, которые, как ни крути, последние полгода формируют новую повестку. И не известно еще, на какой срок. Может быть, навсегда. При этом, данные по патентам, как, оказалось, представляют собой неплохой источник данных о процессах, которые протекают не только на поверхности, но и в глубинах экономики, и формируют тренды ее развития на десятилетия вперед. Здесь становится заметным и очевидным их влияние на статистические показатели в самых разных сферах от демографии до энергетики. И неожиданно даже научпоп начинает приобретать черты глубокого сай-фая цифровой эры… Сегодня все больше руководителей компаний и предпринимателей осознают необходимость цифровизации своего бизнеса. Цифровизация позволяет оптимизировать производительность компании и сделать взаимодействие с клиентами более эффективным. В нашей статье рассказываем, как компании Онлайн Патент удалось создать цифровой патентный офис, через который компания оказывает услуги по защите интеллектуальной собственности.Видимо, случайность, в результате которой он оказался экспертом в патентном бюро, а не рядовым ученым в университете, развила в нем черты, благодаря которым он достиг успеха: веселый скептицизм по отношению к тому, что напечатано на бумаге, и независимость суждений, позволявшие ему пересматривать базовые аксиомы.\r\nЗная об этом, автор этой статьи без колебаний согласился на предложение работы, поступившее ему от компании с незатейливым названием Онлайн Патент. Именно так, без крика, кича и чопорности — Online Patent. Мало ли, думал, он, может и мне придет в голову идея гениального сай-фай романа именно в момент работы над рутинными и скучными, казалось бы, процессами. Видимо, случайность, в результате которой он оказался экспертом в патентном бюро, а не рядовым ученым в университете, развила в нем черты, благодаря которым он достиг успеха: веселый скептицизм по отношению к тому, что напечатано на бумаге, и независимость суждений, позволявшие ему пересматривать базовые аксиомы.Зная об этом, автор этой статьи без колебаний согласился на предложение работы, поступившее ему от компании с незатейливым названием Онлайн Патент. Именно так, без крика, кича и чопорности — Online Patent. Мало ли, думал, он, может и мне придет в голову идея гениального сай-фай романа именно в момент работы над рутинными и скучными, казалось бы, процессами.Видимо, случайность, в результате которой он оказался экспертом в патентном бюро, а не рядовым ученым в университете, развила в нем черты, благодаря которым он достиг успеха: веселый скептицизм по отношению к тому, что напечатано на бумаге, и независимость суждений, позволявшие ему пересматривать базовые аксиомы.Зная об этом, автор этой статьи без колебаний согласился на предложение работы, поступившее ему от компании с незатейливым названием Онлайн Патент. Именно так, без крика, кича и чопорности. Мало ли, думал, он, может и мне придет в голову идея гениального сай-фай романа именно в момент работы над рутинными и скучными, казалось бы, процессами.",
        "date_creation": "2022-10-25T03:40:44Z",
        "status": "published",
        "id_category": 2,
        "image": "posts_img/5eaf1f0df00d4f80d06c6fec94c77357.jpg"
    }
},
{
    "model": "posts.post",
    "pk": 9,
    "fields": {
        "header": "Мастер-класс по созданию нелинейных уровней для синглплеера",
        "slug": "master-klass-po-sozdaniju-nelinejnyh-urovnej-dlja-singlpleera1666670518",
        "author": [
            "admin@local.ru"
        ],
        "body": "В этой статье мы рассмотрим доклад с GDC 2019, в рамках которого Обри Серр (Aubrey Serr) представил аудитории обзор методов проектирования нелинейных однопользовательских уровней-песочниц. Обри Серр поделился с сообществом разработчиков докладом, посвященным методам проектирования нелинейных уровней-песочниц для однопользовательских игр, уникальным преимуществам и проблемам нелинейных уровней, а также тем, как левел-дизайнеры могут адаптировать эти методы к линейным уровням. В этой статье я разберу этот отличный доклад и продемонстрирую вам отличные техники проектирования уровней, которые можно использовать для создания так называемых радикально нелинейных уровней, которые Серр представил в своем выступлении. Что такое радикально нелинейный уровень?<br>Прежде всего, нам следует разобраться, что такое “радикально нелинейный уровень”. По словам Серра, это уровень-песочница, спроектированный таким образом, чтобы поощрять непрогнозируемое продвижение игрока и исследование пространства. Этот тип уровней очень своеобразен и интересен, так как потенциально снижает вероятность того, что игроку наскучит игровой процесс. Самым ранним и самым хрестоматийным примером такого уровня, который нашел Серр, была карта из Miss Pac-Man. Эта карта ставит перед игроком необходимость тактического выбора благодаря своей открытости, а также предоставляет пространство для стратегического выбора благодаря достаточно большой площади. Серр прокомментировал, что разработчик Miss Pac-Man подтвердил наличие у каждого призрака своего уникального паттерна поведения, что делает каждого призрака уникальным фактором риска, который игрок должен учитывать. Серр упоминает дополнительный список факторов, которые делают карту в Miss Pac-Man прекрасным примером радикально нелинейного уровня: Она достаточно мала, чтобы в геймплее была задействована сразу вся карта. Карта достаточно сложна, чтобы быть интересной, и в то же время достаточно обозрима, чтобы быть предсказуемой. Из нее нет выхода. По словам Серра, это важный аспект таких карт, потому что обычно игроки склонны сначала исследовать карту, а затем покидать ее. Динамичный темп, созданным таймингами игры. Игрок должен учитывать пути, расположение усиливающих сфер, движения призраков и другие вещи, чтобы успешно пройти игру.",
        "date_creation": "2022-10-25T04:01:58Z",
        "status": "published",
        "id_category": 1,
        "image": "posts_img/a2ad5a98188b0b5fa5b848cc3c7c21ce.jpeg"
    }
},
{
    "model": "posts.post",
    "pk": 10,
    "fields": {
        "header": "Критический баг в продуктах VMWare",
        "slug": "kriticheskij-bag-v-produktah-vmware1666677473",
        "author": [
            "admin@local.ru"
        ],
        "body": "Специалисты Fortinet предупреждают, что хакеры по-прежнему эксплуатируют уязвимость в VMware Workspace ONE Access (CVE-2022-22954), распространяя таким образом программы-вымогатели и майнеры криптовалют. Напомню, что уязвимость CVE-2022-22954 связана с удаленным выполнением произвольного кода и затрагивает VMware Workspace ONE Access. Баг набрал 9,8 балла из 10 возможных по шкале оценки уязвимостей CVSS, и компания VMware обнаружила и исправила проблему 6 апреля текущего года. Однако злоумышленники отреверсили это исправление и уже через 48 часов создали эксплоит, который затем стал использоваться компрометации еще непропатченных серверов.В августе аналитики Fortinet заметили внезапный всплеск попыток эксплуатации этой проблемы, а также серьезные изменения в тактике атакующих.&nbsp;Если раньше при помощи CVE-2022-22954 хакеры устанавливали полезные нагрузки, которые собирали пароли и другие данные, в рамках новой волны атак распространялись вымогатель RAR1ransom, майнер GuardMiner для добычи Monero, а также очередная модификации малвари Mirai, которая используется для построения DDoS-ботнетов.",
        "date_creation": "2022-10-25T05:57:53Z",
        "status": "published",
        "id_category": 4,
        "image": ""
    }
},
{
    "model": "admin.logentry",
    "pk": 1,
    "fields": {
        "action_time": "2022-10-17T05:03:36.971Z",
        "user": [
            "admin@local.ru"
        ],
        "content_type": [
            "posts",
            "category"
        ],
        "object_id": "1",
        "object_repr": "Дизайн",
        "action_flag": 1,
        "change_message": "[{\"added\": {}}]"
    }
},
{
    "model": "admin.logentry",
    "pk": 2,
    "fields": {
        "action_time": "2022-10-17T05:03:50.780Z",
        "user": [
            "admin@local.ru"
        ],
        "content_type": [
            "posts",
            "category"
        ],
        "object_id": "2",
        "object_repr": "Веб разработка",
        "action_flag": 1,
        "change_message": "[{\"added\": {}}]"
    }
},
{
    "model": "admin.logentry",
    "pk": 3,
    "fields": {
        "action_time": "2022-10-17T05:04:03.801Z",
        "user": [
            "admin@local.ru"
        ],
        "content_type": [
            "posts",
            "category"
        ],
        "object_id": "3",
        "object_repr": "Мобильная разработка",
        "action_flag": 1,
        "change_message": "[{\"added\": {}}]"
    }
},
{
    "model": "admin.logentry",
    "pk": 4,
    "fields": {
        "action_time": "2022-10-17T05:04:14.848Z",
        "user": [
            "admin@local.ru"
        ],
        "content_type": [
            "posts",
            "category"
        ],
        "object_id": "4",
        "object_repr": "Маркетинг",
        "action_flag": 1,
        "change_message": "[{\"added\": {}}]"
    }
},
{
    "model": "admin.logentry",
    "pk": 5,
    "fields": {
        "action_time": "2022-10-17T06:17:14.374Z",
        "user": [
            "admin@local.ru"
        ],
        "content_type": [
            "posts",
            "post"
        ],
        "object_id": "1",
        "object_repr": "test",
        "action_flag": 2,
        "change_message": "[{\"changed\": {\"fields\": [\"Tags\", \"Status\"]}}]"
    }
},
{
    "model": "admin.logentry",
    "pk": 6,
    "fields": {
        "action_time": "2022-10-17T07:21:54.359Z",
        "user": [
            "admin@local.ru"
        ],
        "content_type": [
            "posts",
            "post"
        ],
        "object_id": "2",
        "object_repr": "Что разработчику нужно знать о работе с дизайном",
        "action_flag": 1,
        "change_message": "[{\"added\": {}}]"
    }
},
{
    "model": "admin.logentry",
    "pk": 7,
    "fields": {
        "action_time": "2022-10-17T11:24:18.985Z",
        "user": [
            "admin@local.ru"
        ],
        "content_type": [
            "posts",
            "post"
        ],
        "object_id": "3",
        "object_repr": "Что еще нужно знать разработчику",
        "action_flag": 1,
        "change_message": "[{\"added\": {}}]"
    }
},
{
    "model": "admin.logentry",
    "pk": 8,
    "fields": {
        "action_time": "2022-10-17T11:24:52.368Z",
        "user": [
            "admin@local.ru"
        ],
        "content_type": [
            "posts",
            "post"
        ],
        "object_id": "1",
        "object_repr": "test",
        "action_flag": 3,
        "change_message": ""
    }
},
{
    "model": "admin.logentry",
    "pk": 9,
    "fields": {
        "action_time": "2022-10-17T11:25:45.605Z",
        "user": [
            "admin@local.ru"
        ],
        "content_type": [
            "posts",
            "post"
        ],
        "object_id": "4",
        "object_repr": "И еще что нужно знать разработчику",
        "action_flag": 1,
        "change_message": "[{\"added\": {}}]"
    }
},
{
    "model": "admin.logentry",
    "pk": 10,
    "fields": {
        "action_time": "2022-10-17T12:58:12.656Z",
        "user": [
            "admin@local.ru"
        ],
        "content_type": [
            "posts",
            "category"
        ],
        "object_id": "1",
        "object_repr": "Дизайн",
        "action_flag": 2,
        "change_message": "[{\"changed\": {\"fields\": [\"Description\"]}}]"
    }
},
{
    "model": "admin.logentry",
    "pk": 11,
    "fields": {
        "action_time": "2022-10-18T05:31:07.949Z",
        "user": [
            "admin@local.ru"
        ],
        "content_type": [
            "posts",
            "category"
        ],
        "object_id": "4",
        "object_repr": "Маркетинг",
        "action_flag": 2,
        "change_message": "[{\"changed\": {\"fields\": [\"Description\"]}}]"
    }
},
{
    "model": "admin.logentry",
    "pk": 12,
    "fields": {
        "action_time": "2022-10-18T05:31:26.347Z",
        "user": [
            "admin@local.ru"
        ],
        "content_type": [
            "posts",
            "category"
        ],
        "object_id": "3",
        "object_repr": "Мобильная разработка",
        "action_flag": 2,
        "change_message": "[{\"changed\": {\"fields\": [\"Description\"]}}]"
    }
},
{
    "model": "admin.logentry",
    "pk": 13,
    "fields": {
        "action_time": "2022-10-18T05:31:39.406Z",
        "user": [
            "admin@local.ru"
        ],
        "content_type": [
            "posts",
            "category"
        ],
        "object_id": "2",
        "object_repr": "Веб разработка",
        "action_flag": 2,
        "change_message": "[{\"changed\": {\"fields\": [\"Description\"]}}]"
    }
},
{
    "model": "admin.logentry",
    "pk": 14,
    "fields": {
        "action_time": "2022-10-18T05:31:52.696Z",
        "user": [
            "admin@local.ru"
        ],
        "content_type": [
            "posts",
            "category"
        ],
        "object_id": "1",
        "object_repr": "Дизайн",
        "action_flag": 2,
        "change_message": "[{\"changed\": {\"fields\": [\"Description\"]}}]"
    }
},
{
    "model": "admin.logentry",
    "pk": 15,
    "fields": {
        "action_time": "2022-10-19T10:24:11.940Z",
        "user": [
            "admin@local.ru"
        ],
        "content_type": [
            "posts",
            "comment"
        ],
        "object_id": "1",
        "object_repr": "Comment by admin on Что разработчику нужно знать о работе с дизайном",
        "action_flag": 1,
        "change_message": "[{\"added\": {}}]"
    }
},
{
    "model": "admin.logentry",
    "pk": 16,
    "fields": {
        "action_time": "2022-10-19T11:23:15.180Z",
        "user": [
            "admin@local.ru"
        ],
        "content_type": [
            "posts",
            "comment"
        ],
        "object_id": "2",
        "object_repr": "Comment by bob on Что разработчику нужно знать о работе с дизайном",
        "action_flag": 1,
        "change_message": "[{\"added\": {}}]"
    }
},
{
    "model": "admin.logentry",
    "pk": 17,
    "fields": {
        "action_time": "2022-10-19T11:24:13.180Z",
        "user": [
            "admin@local.ru"
        ],
        "content_type": [
            "posts",
            "comment"
        ],
        "object_id": "3",
        "object_repr": "Comment by admin on Что еще нужно знать разработчику",
        "action_flag": 1,
        "change_message": "[{\"added\": {}}]"
    }
},
{
    "model": "admin.logentry",
    "pk": 18,
    "fields": {
        "action_time": "2022-10-19T14:44:45.040Z",
        "user": [
            "admin@local.ru"
        ],
        "content_type": [
            "posts",
            "comment"
        ],
        "object_id": "12",
        "object_repr": "Comment by bob on Что еще нужно знать разработчику",
        "action_flag": 2,
        "change_message": "[{\"changed\": {\"fields\": [\"Active\"]}}]"
    }
},
{
    "model": "admin.logentry",
    "pk": 19,
    "fields": {
        "action_time": "2022-10-19T14:45:51.223Z",
        "user": [
            "admin@local.ru"
        ],
        "content_type": [
            "posts",
            "comment"
        ],
        "object_id": "2",
        "object_repr": "Comment by bob on Что разработчику нужно знать о работе с дизайном",
        "action_flag": 3,
        "change_message": ""
    }
},
{
    "model": "admin.logentry",
    "pk": 20,
    "fields": {
        "action_time": "2022-10-19T14:45:51.227Z",
        "user": [
            "admin@local.ru"
        ],
        "content_type": [
            "posts",
            "comment"
        ],
        "object_id": "3",
        "object_repr": "Comment by admin on Что еще нужно знать разработчику",
        "action_flag": 3,
        "change_message": ""
    }
},
{
    "model": "admin.logentry",
    "pk": 21,
    "fields": {
        "action_time": "2022-10-19T14:45:51.231Z",
        "user": [
            "admin@local.ru"
        ],
        "content_type": [
            "posts",
            "comment"
        ],
        "object_id": "4",
        "object_repr": "Comment by admin on Что разработчику нужно знать о работе с дизайном",
        "action_flag": 3,
        "change_message": ""
    }
},
{
    "model": "admin.logentry",
    "pk": 22,
    "fields": {
        "action_time": "2022-10-19T14:45:51.235Z",
        "user": [
            "admin@local.ru"
        ],
        "content_type": [
            "posts",
            "comment"
        ],
        "object_id": "5",
        "object_repr": "Comment by admin on Что разработчику нужно знать о работе с дизайном",
        "action_flag": 3,
        "change_message": ""
    }
},
{
    "model": "admin.logentry",
    "pk": 23,
    "fields": {
        "action_time": "2022-10-19T14:45:51.239Z",
        "user": [
            "admin@local.ru"
        ],
        "content_type": [
            "posts",
            "comment"
        ],
        "object_id": "6",
        "object_repr": "Comment by admin on Что разработчику нужно знать о работе с дизайном",
        "action_flag": 3,
        "change_message": ""
    }
},
{
    "model": "admin.logentry",
    "pk": 24,
    "fields": {
        "action_time": "2022-10-19T14:45:51.243Z",
        "user": [
            "admin@local.ru"
        ],
        "content_type": [
            "posts",
            "comment"
        ],
        "object_id": "7",
        "object_repr": "Comment by admin on Что разработчику нужно знать о работе с дизайном",
        "action_flag": 3,
        "change_message": ""
    }
},
{
    "model": "admin.logentry",
    "pk": 25,
    "fields": {
        "action_time": "2022-10-19T14:45:51.248Z",
        "user": [
            "admin@local.ru"
        ],
        "content_type": [
            "posts",
            "comment"
        ],
        "object_id": "8",
        "object_repr": "Comment by admin on Что разработчику нужно знать о работе с дизайном",
        "action_flag": 3,
        "change_message": ""
    }
},
{
    "model": "admin.logentry",
    "pk": 26,
    "fields": {
        "action_time": "2022-10-19T14:45:51.252Z",
        "user": [
            "admin@local.ru"
        ],
        "content_type": [
            "posts",
            "comment"
        ],
        "object_id": "9",
        "object_repr": "Comment by bob on Что разработчику нужно знать о работе с дизайном",
        "action_flag": 3,
        "change_message": ""
    }
},
{
    "model": "admin.logentry",
    "pk": 27,
    "fields": {
        "action_time": "2022-10-19T14:45:51.256Z",
        "user": [
            "admin@local.ru"
        ],
        "content_type": [
            "posts",
            "comment"
        ],
        "object_id": "10",
        "object_repr": "Comment by bob on Что разработчику нужно знать о работе с дизайном",
        "action_flag": 3,
        "change_message": ""
    }
},
{
    "model": "admin.logentry",
    "pk": 28,
    "fields": {
        "action_time": "2022-10-19T14:45:51.259Z",
        "user": [
            "admin@local.ru"
        ],
        "content_type": [
            "posts",
            "comment"
        ],
        "object_id": "11",
        "object_repr": "Comment by bob on Что разработчику нужно знать о работе с дизайном",
        "action_flag": 3,
        "change_message": ""
    }
},
{
    "model": "admin.logentry",
    "pk": 29,
    "fields": {
        "action_time": "2022-10-19T14:45:51.262Z",
        "user": [
            "admin@local.ru"
        ],
        "content_type": [
            "posts",
            "comment"
        ],
        "object_id": "12",
        "object_repr": "Comment by bob on Что еще нужно знать разработчику",
        "action_flag": 3,
        "change_message": ""
    }
},
{
    "model": "admin.logentry",
    "pk": 30,
    "fields": {
        "action_time": "2022-10-19T14:47:11.706Z",
        "user": [
            "admin@local.ru"
        ],
        "content_type": [
            "posts",
            "comment"
        ],
        "object_id": "13",
        "object_repr": "Comment by admin on Что еще нужно знать разработчику",
        "action_flag": 2,
        "change_message": "[{\"changed\": {\"fields\": [\"Active\"]}}]"
    }
},
{
    "model": "admin.logentry",
    "pk": 31,
    "fields": {
        "action_time": "2022-10-19T14:47:54.391Z",
        "user": [
            "admin@local.ru"
        ],
        "content_type": [
            "posts",
            "comment"
        ],
        "object_id": "14",
        "object_repr": "Comment by bob on Что еще нужно знать разработчику",
        "action_flag": 2,
        "change_message": "[{\"changed\": {\"fields\": [\"Active\"]}}]"
    }
},
{
    "model": "admin.logentry",
    "pk": 32,
    "fields": {
        "action_time": "2022-10-19T15:02:14.884Z",
        "user": [
            "admin@local.ru"
        ],
        "content_type": [
            "posts",
            "comment"
        ],
        "object_id": "15",
        "object_repr": "Comment by admin on Что еще нужно знать разработчику",
        "action_flag": 2,
        "change_message": "[{\"changed\": {\"fields\": [\"Active\"]}}]"
    }
},
{
    "model": "admin.logentry",
    "pk": 33,
    "fields": {
        "action_time": "2022-10-20T03:51:52.462Z",
        "user": [
            "admin@local.ru"
        ],
        "content_type": [
            "posts",
            "comment"
        ],
        "object_id": "16",
        "object_repr": "Comment by admin on Что еще нужно знать разработчику",
        "action_flag": 2,
        "change_message": "[{\"changed\": {\"fields\": [\"Active\"]}}]"
    }
},
{
    "model": "admin.logentry",
    "pk": 34,
    "fields": {
        "action_time": "2022-10-20T03:52:09.337Z",
        "user": [
            "admin@local.ru"
        ],
        "content_type": [
            "posts",
            "comment"
        ],
        "object_id": "17",
        "object_repr": "Comment by admin on Что разработчику нужно знать о работе с дизайном",
        "action_flag": 2,
        "change_message": "[{\"changed\": {\"fields\": [\"Active\"]}}]"
    }
},
{
    "model": "admin.logentry",
    "pk": 35,
    "fields": {
        "action_time": "2022-10-20T04:28:40.246Z",
        "user": [
            "admin@local.ru"
        ],
        "content_type": [
            "users",
            "user"
        ],
        "object_id": "1",
        "object_repr": "admin",
        "action_flag": 2,
        "change_message": "[{\"changed\": {\"fields\": [\"Avatar\"]}}]"
    }
},
{
    "model": "admin.logentry",
    "pk": 36,
    "fields": {
        "action_time": "2022-10-20T07:51:43.334Z",
        "user": [
            "admin@local.ru"
        ],
        "content_type": [
            "posts",
            "post"
        ],
        "object_id": "5",
        "object_repr": "Презентация как социальный статус",
        "action_flag": 1,
        "change_message": "[{\"added\": {}}]"
    }
},
{
    "model": "admin.logentry",
    "pk": 37,
    "fields": {
        "action_time": "2022-10-20T07:52:38.668Z",
        "user": [
            "admin@local.ru"
        ],
        "content_type": [
            "posts",
            "post"
        ],
        "object_id": "6",
        "object_repr": "Идеологический авторитаризм: методология и особенности",
        "action_flag": 1,
        "change_message": "[{\"added\": {}}]"
    }
},
{
    "model": "admin.logentry",
    "pk": 38,
    "fields": {
        "action_time": "2022-10-20T07:53:29.698Z",
        "user": [
            "admin@local.ru"
        ],
        "content_type": [
            "posts",
            "post"
        ],
        "object_id": "7",
        "object_repr": "Изотопный гамма-квант: методология и особенности",
        "action_flag": 1,
        "change_message": "[{\"added\": {}}]"
    }
},
{
    "model": "admin.logentry",
    "pk": 39,
    "fields": {
        "action_time": "2022-10-20T09:32:37.006Z",
        "user": [
            "admin@local.ru"
        ],
        "content_type": [
            "posts",
            "post"
        ],
        "object_id": "5",
        "object_repr": "Презентация как социальный статус",
        "action_flag": 2,
        "change_message": "[{\"changed\": {\"fields\": [\"Body\"]}}]"
    }
},
{
    "model": "admin.logentry",
    "pk": 40,
    "fields": {
        "action_time": "2022-10-20T09:34:08.682Z",
        "user": [
            "admin@local.ru"
        ],
        "content_type": [
            "posts",
            "post"
        ],
        "object_id": "6",
        "object_repr": "Идеологический авторитаризм: методология и особенности",
        "action_flag": 2,
        "change_message": "[{\"changed\": {\"fields\": [\"Body\"]}}]"
    }
},
{
    "model": "admin.logentry",
    "pk": 41,
    "fields": {
        "action_time": "2022-10-20T09:35:34.346Z",
        "user": [
            "admin@local.ru"
        ],
        "content_type": [
            "posts",
            "post"
        ],
        "object_id": "7",
        "object_repr": "Изотопный гамма-квант: методология и особенности",
        "action_flag": 2,
        "change_message": "[{\"changed\": {\"fields\": [\"Body\"]}}]"
    }
},
{
    "model": "admin.logentry",
    "pk": 42,
    "fields": {
        "action_time": "2022-10-20T09:36:19.830Z",
        "user": [
            "admin@local.ru"
        ],
        "content_type": [
            "posts",
            "post"
        ],
        "object_id": "6",
        "object_repr": "Идеологический авторитаризм: методология и особенности",
        "action_flag": 2,
        "change_message": "[{\"changed\": {\"fields\": [\"Body\"]}}]"
    }
},
{
    "model": "admin.logentry",
    "pk": 43,
    "fields": {
        "action_time": "2022-10-20T09:36:34.792Z",
        "user": [
            "admin@local.ru"
        ],
        "content_type": [
            "posts",
            "post"
        ],
        "object_id": "7",
        "object_repr": "Изотопный гамма-квант: методология и особенности",
        "action_flag": 2,
        "change_message": "[{\"changed\": {\"fields\": [\"Body\"]}}]"
    }
},
{
    "model": "admin.logentry",
    "pk": 44,
    "fields": {
        "action_time": "2022-10-20T09:36:55.006Z",
        "user": [
            "admin@local.ru"
        ],
        "content_type": [
            "posts",
            "post"
        ],
        "object_id": "7",
        "object_repr": "Изотопный гамма-квант: методология и особенности",
        "action_flag": 2,
        "change_message": "[{\"changed\": {\"fields\": [\"Body\"]}}]"
    }
},
{
    "model": "admin.logentry",
    "pk": 45,
    "fields": {
        "action_time": "2022-10-20T09:37:43.402Z",
        "user": [
            "admin@local.ru"
        ],
        "content_type": [
            "posts",
            "post"
        ],
        "object_id": "7",
        "object_repr": "Изотопный гамма-квант: методология и особенности",
        "action_flag": 2,
        "change_message": "[{\"changed\": {\"fields\": [\"Body\"]}}]"
    }
},
{
    "model": "admin.logentry",
    "pk": 46,
    "fields": {
        "action_time": "2022-10-20T11:23:54.649Z",
        "user": [
            "admin@local.ru"
        ],
        "content_type": [
            "posts",
            "post"
        ],
        "object_id": "6",
        "object_repr": "Идеологический авторитаризм: методология и особенности",
        "action_flag": 2,
        "change_message": "[{\"changed\": {\"fields\": [\"Body\"]}}]"
    }
},
{
    "model": "admin.logentry",
    "pk": 47,
    "fields": {
        "action_time": "2022-10-20T11:24:29.749Z",
        "user": [
            "admin@local.ru"
        ],
        "content_type": [
            "posts",
            "post"
        ],
        "object_id": "7",
        "object_repr": "Изотопный гамма-квант: методология и особенности",
        "action_flag": 2,
        "change_message": "[{\"changed\": {\"fields\": [\"Body\"]}}]"
    }
},
{
    "model": "admin.logentry",
    "pk": 48,
    "fields": {
        "action_time": "2022-10-20T11:25:57.195Z",
        "user": [
            "admin@local.ru"
        ],
        "content_type": [
            "posts",
            "post"
        ],
        "object_id": "5",
        "object_repr": "Презентация как социальный статус",
        "action_flag": 2,
        "change_message": "[{\"changed\": {\"fields\": [\"Body\"]}}]"
    }
},
{
    "model": "admin.logentry",
    "pk": 49,
    "fields": {
        "action_time": "2022-10-20T11:26:30.589Z",
        "user": [
            "admin@local.ru"
        ],
        "content_type": [
            "posts",
            "post"
        ],
        "object_id": "7",
        "object_repr": "Изотопный гамма-квант",
        "action_flag": 2,
        "change_message": "[{\"changed\": {\"fields\": [\"Header\"]}}]"
    }
},
{
    "model": "admin.logentry",
    "pk": 50,
    "fields": {
        "action_time": "2022-10-20T11:26:39.128Z",
        "user": [
            "admin@local.ru"
        ],
        "content_type": [
            "posts",
            "post"
        ],
        "object_id": "6",
        "object_repr": "Идеологический авторитаризм",
        "action_flag": 2,
        "change_message": "[{\"changed\": {\"fields\": [\"Header\"]}}]"
    }
},
{
    "model": "admin.logentry",
    "pk": 51,
    "fields": {
        "action_time": "2022-10-20T11:27:14.186Z",
        "user": [
            "admin@local.ru"
        ],
        "content_type": [
            "posts",
            "post"
        ],
        "object_id": "5",
        "object_repr": "Социальный статус",
        "action_flag": 2,
        "change_message": "[{\"changed\": {\"fields\": [\"Header\", \"Body\"]}}]"
    }
},
{
    "model": "admin.logentry",
    "pk": 52,
    "fields": {
        "action_time": "2022-10-20T11:30:11.448Z",
        "user": [
            "admin@local.ru"
        ],
        "content_type": [
            "posts",
            "post"
        ],
        "object_id": "5",
        "object_repr": "Социальный статус",
        "action_flag": 2,
        "change_message": "[]"
    }
},
{
    "model": "admin.logentry",
    "pk": 53,
    "fields": {
        "action_time": "2022-10-20T11:31:03.107Z",
        "user": [
            "admin@local.ru"
        ],
        "content_type": [
            "posts",
            "post"
        ],
        "object_id": "5",
        "object_repr": "Социальный статус",
        "action_flag": 3,
        "change_message": ""
    }
},
{
    "model": "admin.logentry",
    "pk": 54,
    "fields": {
        "action_time": "2022-10-24T19:15:49.050Z",
        "user": [
            "admin@local.ru"
        ],
        "content_type": [
            "posts",
            "post"
        ],
        "object_id": "7",
        "object_repr": "Изотопный гамма-квант",
        "action_flag": 2,
        "change_message": "[{\"changed\": {\"fields\": [\"Image\"]}}]"
    }
},
{
    "model": "admin.logentry",
    "pk": 55,
    "fields": {
        "action_time": "2022-10-24T19:25:39.632Z",
        "user": [
            "admin@local.ru"
        ],
        "content_type": [
            "posts",
            "post"
        ],
        "object_id": "6",
        "object_repr": "Идеологический авторитаризм",
        "action_flag": 2,
        "change_message": "[{\"changed\": {\"fields\": [\"Image\"]}}]"
    }
},
{
    "model": "admin.logentry",
    "pk": 56,
    "fields": {
        "action_time": "2022-10-24T19:27:13.941Z",
        "user": [
            "admin@local.ru"
        ],
        "content_type": [
            "posts",
            "post"
        ],
        "object_id": "6",
        "object_repr": "Идеологический авторитаризм",
        "action_flag": 2,
        "change_message": "[{\"changed\": {\"fields\": [\"Image\"]}}]"
    }
},
{
    "model": "admin.logentry",
    "pk": 57,
    "fields": {
        "action_time": "2022-10-24T19:27:53.712Z",
        "user": [
            "admin@local.ru"
        ],
        "content_type": [
            "posts",
            "post"
        ],
        "object_id": "6",
        "object_repr": "Идеологический авторитаризм",
        "action_flag": 2,
        "change_message": "[{\"changed\": {\"fields\": [\"Image\"]}}]"
    }
},
{
    "model": "admin.logentry",
    "pk": 58,
    "fields": {
        "action_time": "2022-10-24T19:28:23.333Z",
        "user": [
            "admin@local.ru"
        ],
        "content_type": [
            "posts",
            "post"
        ],
        "object_id": "7",
        "object_repr": "Изотопный гамма-квант",
        "action_flag": 2,
        "change_message": "[{\"changed\": {\"fields\": [\"Image\"]}}]"
    }
},
{
    "model": "admin.logentry",
    "pk": 59,
    "fields": {
        "action_time": "2022-10-24T19:28:49.545Z",
        "user": [
            "admin@local.ru"
        ],
        "content_type": [
            "posts",
            "post"
        ],
        "object_id": "4",
        "object_repr": "И еще что нужно знать разработчику",
        "action_flag": 2,
        "change_message": "[{\"changed\": {\"fields\": [\"Image\"]}}]"
    }
},
{
    "model": "admin.logentry",
    "pk": 60,
    "fields": {
        "action_time": "2022-10-24T19:29:19.795Z",
        "user": [
            "admin@local.ru"
        ],
        "content_type": [
            "posts",
            "post"
        ],
        "object_id": "3",
        "object_repr": "Что еще нужно знать разработчику",
        "action_flag": 2,
        "change_message": "[{\"changed\": {\"fields\": [\"Image\"]}}]"
    }
},
{
    "model": "admin.logentry",
    "pk": 61,
    "fields": {
        "action_time": "2022-10-24T19:31:29.776Z",
        "user": [
            "admin@local.ru"
        ],
        "content_type": [
            "posts",
            "post"
        ],
        "object_id": "3",
        "object_repr": "Что еще нужно знать разработчику",
        "action_flag": 2,
        "change_message": "[{\"changed\": {\"fields\": [\"Image\"]}}]"
    }
},
{
    "model": "admin.logentry",
    "pk": 62,
    "fields": {
        "action_time": "2022-10-24T19:33:08.253Z",
        "user": [
            "admin@local.ru"
        ],
        "content_type": [
            "posts",
            "post"
        ],
        "object_id": "2",
        "object_repr": "Что разработчику нужно знать о работе с дизайном",
        "action_flag": 2,
        "change_message": "[{\"changed\": {\"fields\": [\"Image\"]}}]"
    }
},
{
    "model": "admin.logentry",
    "pk": 63,
    "fields": {
        "action_time": "2022-10-25T06:50:37.532Z",
        "user": [
            "admin@local.ru"
        ],
        "content_type": [
            "users",
            "banstatus"
        ],
        "object_id": "1",
        "object_repr": "Banned",
        "action_flag": 1,
        "change_message": "[{\"added\": {}}]"
    }
},
{
    "model": "admin.logentry",
    "pk": 64,
    "fields": {
        "action_time": "2022-10-25T06:55:29.883Z",
        "user": [
            "admin@local.ru"
        ],
        "content_type": [
            "users",
            "banlist"
        ],
        "object_id": "1",
        "object_repr": "Banned",
        "action_flag": 1,
        "change_message": "[{\"added\": {}}]"
    }
},
{
    "model": "admin.logentry",
    "pk": 65,
    "fields": {
        "action_time": "2022-10-25T07:10:08.766Z",
        "user": [
            "admin@local.ru"
        ],
        "content_type": [
            "posts",
            "comment"
        ],
        "object_id": "18",
        "object_repr": "Comment by admin on Что еще нужно знать разработчику",
        "action_flag": 3,
        "change_message": ""
    }
},
{
    "model": "admin.logentry",
    "pk": 66,
    "fields": {
        "action_time": "2022-10-25T07:10:13.175Z",
        "user": [
            "admin@local.ru"
        ],
        "content_type": [
            "posts",
            "comment"
        ],
        "object_id": "19",
        "object_repr": "Comment by admin on Что еще нужно знать разработчику",
        "action_flag": 3,
        "change_message": ""
    }
},
{
    "model": "admin.logentry",
    "pk": 67,
    "fields": {
        "action_time": "2022-10-25T07:10:18.093Z",
        "user": [
            "admin@local.ru"
        ],
        "content_type": [
            "posts",
            "comment"
        ],
        "object_id": "20",
        "object_repr": "Comment by admin on Что еще нужно знать разработчику",
        "action_flag": 3,
        "change_message": ""
    }
},
{
    "model": "admin.logentry",
    "pk": 68,
    "fields": {
        "action_time": "2022-10-25T07:10:22.548Z",
        "user": [
            "admin@local.ru"
        ],
        "content_type": [
            "posts",
            "comment"
        ],
        "object_id": "21",
        "object_repr": "Comment by admin on Что еще нужно знать разработчику",
        "action_flag": 3,
        "change_message": ""
    }
},
{
    "model": "admin.logentry",
    "pk": 69,
    "fields": {
        "action_time": "2022-10-25T07:10:26.568Z",
        "user": [
            "admin@local.ru"
        ],
        "content_type": [
            "posts",
            "comment"
        ],
        "object_id": "22",
        "object_repr": "Comment by admin on Идеологический авторитаризм",
        "action_flag": 2,
        "change_message": "[{\"changed\": {\"fields\": [\"Active\"]}}]"
    }
},
{
    "model": "admin.logentry",
    "pk": 70,
    "fields": {
        "action_time": "2022-10-25T10:32:32.090Z",
        "user": [
            "admin@local.ru"
        ],
        "content_type": [
            "posts",
            "post"
        ],
        "object_id": "10",
        "object_repr": "Критический баг в продуктах VMWare",
        "action_flag": 2,
        "change_message": "[{\"changed\": {\"fields\": [\"Tags\", \"Status\"]}}]"
    }
},
{
    "model": "admin.logentry",
    "pk": 71,
    "fields": {
        "action_time": "2022-10-25T10:32:41.292Z",
        "user": [
            "admin@local.ru"
        ],
        "content_type": [
            "posts",
            "post"
        ],
        "object_id": "9",
        "object_repr": "Мастер-класс по созданию нелинейных уровней для синглплеера",
        "action_flag": 2,
        "change_message": "[{\"changed\": {\"fields\": [\"Status\"]}}]"
    }
},
{
    "model": "admin.logentry",
    "pk": 72,
    "fields": {
        "action_time": "2022-10-25T10:32:48.249Z",
        "user": [
            "admin@local.ru"
        ],
        "content_type": [
            "posts",
            "post"
        ],
        "object_id": "8",
        "object_repr": "Цифровизация бизнес-процессов неизбежна. Наш опыт",
        "action_flag": 2,
        "change_message": "[{\"changed\": {\"fields\": [\"Status\"]}}]"
    }
},
{
    "model": "admin.logentry",
    "pk": 73,
    "fields": {
        "action_time": "2022-10-25T10:32:57.167Z",
        "user": [
            "admin@local.ru"
        ],
        "content_type": [
            "posts",
            "post"
        ],
        "object_id": "7",
        "object_repr": "Изотопный гамма-квант",
        "action_flag": 2,
        "change_message": "[{\"changed\": {\"fields\": [\"Status\"]}}]"
    }
},
{
    "model": "admin.logentry",
    "pk": 74,
    "fields": {
        "action_time": "2022-10-25T10:33:03.100Z",
        "user": [
            "admin@local.ru"
        ],
        "content_type": [
            "posts",
            "post"
        ],
        "object_id": "6",
        "object_repr": "Идеологический авторитаризм",
        "action_flag": 2,
        "change_message": "[]"
    }
},
{
    "model": "admin.logentry",
    "pk": 75,
    "fields": {
        "action_time": "2022-10-25T10:33:10.671Z",
        "user": [
            "admin@local.ru"
        ],
        "content_type": [
            "posts",
            "post"
        ],
        "object_id": "4",
        "object_repr": "И еще что нужно знать разработчику",
        "action_flag": 2,
        "change_message": "[{\"changed\": {\"fields\": [\"Status\"]}}]"
    }
},
{
    "model": "admin.logentry",
    "pk": 76,
    "fields": {
        "action_time": "2022-10-25T10:33:16.451Z",
        "user": [
            "admin@local.ru"
        ],
        "content_type": [
            "posts",
            "post"
        ],
        "object_id": "3",
        "object_repr": "Что еще нужно знать разработчику",
        "action_flag": 2,
        "change_message": "[{\"changed\": {\"fields\": [\"Status\"]}}]"
    }
},
{
    "model": "admin.logentry",
    "pk": 77,
    "fields": {
        "action_time": "2022-10-25T10:33:22.848Z",
        "user": [
            "admin@local.ru"
        ],
        "content_type": [
            "posts",
            "post"
        ],
        "object_id": "2",
        "object_repr": "Что разработчику нужно знать о работе с дизайном",
        "action_flag": 2,
        "change_message": "[{\"changed\": {\"fields\": [\"Status\"]}}]"
    }
},
{
    "model": "admin.logentry",
    "pk": 78,
    "fields": {
        "action_time": "2022-10-29T10:53:00.688Z",
        "user": [
            "admin@local.ru"
        ],
        "content_type": [
            "users",
            "user"
        ],
        "object_id": "2",
        "object_repr": "bob",
        "action_flag": 2,
        "change_message": "[{\"changed\": {\"fields\": [\"Is staff\"]}}]"
    }
},
{
    "model": "admin.logentry",
    "pk": 79,
    "fields": {
        "action_time": "2022-11-01T09:43:54.364Z",
        "user": [
            "admin@local.ru"
        ],
        "content_type": [
            "posts",
            "post"
        ],
        "object_id": "7",
        "object_repr": "Изотопный гамма-квант",
        "action_flag": 2,
        "change_message": "[{\"changed\": {\"fields\": [\"Body\"]}}]"
    }
},
{
    "model": "admin.logentry",
    "pk": 80,
    "fields": {
        "action_time": "2022-11-01T09:46:51.338Z",
        "user": [
            "admin@local.ru"
        ],
        "content_type": [
            "posts",
            "post"
        ],
        "object_id": "10",
        "object_repr": "Критический баг в продуктах VMWare",
        "action_flag": 2,
        "change_message": "[{\"changed\": {\"fields\": [\"Body\"]}}]"
    }
},
{
    "model": "admin.logentry",
    "pk": 81,
    "fields": {
        "action_time": "2022-11-01T09:47:57.873Z",
        "user": [
            "admin@local.ru"
        ],
        "content_type": [
            "posts",
            "post"
        ],
        "object_id": "9",
        "object_repr": "Мастер-класс по созданию нелинейных уровней для синглплеера",
        "action_flag": 2,
        "change_message": "[{\"changed\": {\"fields\": [\"Body\"]}}]"
    }
},
{
    "model": "admin.logentry",
    "pk": 82,
    "fields": {
        "action_time": "2022-11-01T09:51:22.878Z",
        "user": [
            "admin@local.ru"
        ],
        "content_type": [
            "posts",
            "post"
        ],
        "object_id": "9",
        "object_repr": "Мастер-класс по созданию нелинейных уровней для синглплеера",
        "action_flag": 2,
        "change_message": "[{\"changed\": {\"fields\": [\"Body\"]}}]"
    }
},
{
    "model": "admin.logentry",
    "pk": 83,
    "fields": {
        "action_time": "2022-11-01T09:54:51.877Z",
        "user": [
            "admin@local.ru"
        ],
        "content_type": [
            "posts",
            "post"
        ],
        "object_id": "8",
        "object_repr": "Цифровизация бизнес-процессов неизбежна. Наш опыт",
        "action_flag": 2,
        "change_message": "[{\"changed\": {\"fields\": [\"Body\"]}}]"
    }
},
{
    "model": "admin.logentry",
    "pk": 84,
    "fields": {
        "action_time": "2022-11-01T09:56:12.182Z",
        "user": [
            "admin@local.ru"
        ],
        "content_type": [
            "posts",
            "post"
        ],
        "object_id": "6",
        "object_repr": "Идеологический авторитаризм",
        "action_flag": 2,
        "change_message": "[{\"changed\": {\"fields\": [\"Body\"]}}]"
    }
},
{
    "model": "admin.logentry",
    "pk": 85,
    "fields": {
        "action_time": "2022-11-01T09:57:54.415Z",
        "user": [
            "admin@local.ru"
        ],
        "content_type": [
            "posts",
            "post"
        ],
        "object_id": "4",
        "object_repr": "И еще что нужно знать разработчику",
        "action_flag": 2,
        "change_message": "[{\"changed\": {\"fields\": [\"Body\"]}}]"
    }
},
{
    "model": "admin.logentry",
    "pk": 86,
    "fields": {
        "action_time": "2022-11-01T09:59:27.961Z",
        "user": [
            "admin@local.ru"
        ],
        "content_type": [
            "posts",
            "post"
        ],
        "object_id": "3",
        "object_repr": "Что еще нужно знать разработчику",
        "action_flag": 2,
        "change_message": "[{\"changed\": {\"fields\": [\"Body\"]}}]"
    }
},
{
    "model": "admin.logentry",
    "pk": 87,
    "fields": {
        "action_time": "2022-11-01T10:00:41.665Z",
        "user": [
            "admin@local.ru"
        ],
        "content_type": [
            "posts",
            "post"
        ],
        "object_id": "2",
        "object_repr": "Что разработчику нужно знать о работе с дизайном",
        "action_flag": 2,
        "change_message": "[{\"changed\": {\"fields\": [\"Body\"]}}]"
    }
}
]
