[{"model": "admin.logentry", "pk": 1, "fields": {"action_time": "2022-10-17T05:03:36.971Z", "user": 1, "content_type": 8, "object_id": "1", "object_repr": "Дизайн", "action_flag": 1, "change_message": "[{\"added\": {}}]"}}, {"model": "admin.logentry", "pk": 2, "fields": {"action_time": "2022-10-17T05:03:50.780Z", "user": 1, "content_type": 8, "object_id": "2", "object_repr": "Веб разработка", "action_flag": 1, "change_message": "[{\"added\": {}}]"}}, {"model": "admin.logentry", "pk": 3, "fields": {"action_time": "2022-10-17T05:04:03.801Z", "user": 1, "content_type": 8, "object_id": "3", "object_repr": "Мобильная разработка", "action_flag": 1, "change_message": "[{\"added\": {}}]"}}, {"model": "admin.logentry", "pk": 4, "fields": {"action_time": "2022-10-17T05:04:14.848Z", "user": 1, "content_type": 8, "object_id": "4", "object_repr": "Маркетинг", "action_flag": 1, "change_message": "[{\"added\": {}}]"}}, {"model": "admin.logentry", "pk": 5, "fields": {"action_time": "2022-10-17T06:17:14.374Z", "user": 1, "content_type": 9, "object_id": "1", "object_repr": "test", "action_flag": 2, "change_message": "[{\"changed\": {\"fields\": [\"Tags\", \"Status\"]}}]"}}, {"model": "admin.logentry", "pk": 6, "fields": {"action_time": "2022-10-17T07:21:54.359Z", "user": 1, "content_type": 9, "object_id": "2", "object_repr": "Что разработчику нужно знать о работе с дизайном", "action_flag": 1, "change_message": "[{\"added\": {}}]"}}, {"model": "admin.logentry", "pk": 7, "fields": {"action_time": "2022-10-17T11:24:18.985Z", "user": 1, "content_type": 9, "object_id": "3", "object_repr": "Что еще нужно знать разработчику", "action_flag": 1, "change_message": "[{\"added\": {}}]"}}, {"model": "admin.logentry", "pk": 8, "fields": {"action_time": "2022-10-17T11:24:52.368Z", "user": 1, "content_type": 9, "object_id": "1", "object_repr": "test", "action_flag": 3, "change_message": ""}}, {"model": "admin.logentry", "pk": 9, "fields": {"action_time": "2022-10-17T11:25:45.605Z", "user": 1, "content_type": 9, "object_id": "4", "object_repr": "И еще что нужно знать разработчику", "action_flag": 1, "change_message": "[{\"added\": {}}]"}}, {"model": "admin.logentry", "pk": 10, "fields": {"action_time": "2022-10-17T12:58:12.656Z", "user": 1, "content_type": 8, "object_id": "1", "object_repr": "Дизайн", "action_flag": 2, "change_message": "[{\"changed\": {\"fields\": [\"Description\"]}}]"}}, {"model": "admin.logentry", "pk": 11, "fields": {"action_time": "2022-10-18T05:31:07.949Z", "user": 1, "content_type": 8, "object_id": "4", "object_repr": "Маркетинг", "action_flag": 2, "change_message": "[{\"changed\": {\"fields\": [\"Description\"]}}]"}}, {"model": "admin.logentry", "pk": 12, "fields": {"action_time": "2022-10-18T05:31:26.347Z", "user": 1, "content_type": 8, "object_id": "3", "object_repr": "Мобильная разработка", "action_flag": 2, "change_message": "[{\"changed\": {\"fields\": [\"Description\"]}}]"}}, {"model": "admin.logentry", "pk": 13, "fields": {"action_time": "2022-10-18T05:31:39.406Z", "user": 1, "content_type": 8, "object_id": "2", "object_repr": "Веб разработка", "action_flag": 2, "change_message": "[{\"changed\": {\"fields\": [\"Description\"]}}]"}}, {"model": "admin.logentry", "pk": 14, "fields": {"action_time": "2022-10-18T05:31:52.696Z", "user": 1, "content_type": 8, "object_id": "1", "object_repr": "Дизайн", "action_flag": 2, "change_message": "[{\"changed\": {\"fields\": [\"Description\"]}}]"}}, {"model": "admin.logentry", "pk": 15, "fields": {"action_time": "2022-10-19T10:24:11.940Z", "user": 1, "content_type": 14, "object_id": "1", "object_repr": "Comment by admin on Что разработчику нужно знать о работе с дизайном", "action_flag": 1, "change_message": "[{\"added\": {}}]"}}, {"model": "admin.logentry", "pk": 16, "fields": {"action_time": "2022-10-19T11:23:15.180Z", "user": 1, "content_type": 14, "object_id": "2", "object_repr": "Comment by bob on Что разработчику нужно знать о работе с дизайном", "action_flag": 1, "change_message": "[{\"added\": {}}]"}}, {"model": "admin.logentry", "pk": 17, "fields": {"action_time": "2022-10-19T11:24:13.180Z", "user": 1, "content_type": 14, "object_id": "3", "object_repr": "Comment by admin on Что еще нужно знать разработчику", "action_flag": 1, "change_message": "[{\"added\": {}}]"}}, {"model": "admin.logentry", "pk": 18, "fields": {"action_time": "2022-10-19T14:44:45.040Z", "user": 1, "content_type": 14, "object_id": "12", "object_repr": "Comment by bob on Что еще нужно знать разработчику", "action_flag": 2, "change_message": "[{\"changed\": {\"fields\": [\"Active\"]}}]"}}, {"model": "admin.logentry", "pk": 19, "fields": {"action_time": "2022-10-19T14:45:51.223Z", "user": 1, "content_type": 14, "object_id": "2", "object_repr": "Comment by bob on Что разработчику нужно знать о работе с дизайном", "action_flag": 3, "change_message": ""}}, {"model": "admin.logentry", "pk": 20, "fields": {"action_time": "2022-10-19T14:45:51.227Z", "user": 1, "content_type": 14, "object_id": "3", "object_repr": "Comment by admin on Что еще нужно знать разработчику", "action_flag": 3, "change_message": ""}}, {"model": "admin.logentry", "pk": 21, "fields": {"action_time": "2022-10-19T14:45:51.231Z", "user": 1, "content_type": 14, "object_id": "4", "object_repr": "Comment by admin on Что разработчику нужно знать о работе с дизайном", "action_flag": 3, "change_message": ""}}, {"model": "admin.logentry", "pk": 22, "fields": {"action_time": "2022-10-19T14:45:51.235Z", "user": 1, "content_type": 14, "object_id": "5", "object_repr": "Comment by admin on Что разработчику нужно знать о работе с дизайном", "action_flag": 3, "change_message": ""}}, {"model": "admin.logentry", "pk": 23, "fields": {"action_time": "2022-10-19T14:45:51.239Z", "user": 1, "content_type": 14, "object_id": "6", "object_repr": "Comment by admin on Что разработчику нужно знать о работе с дизайном", "action_flag": 3, "change_message": ""}}, {"model": "admin.logentry", "pk": 24, "fields": {"action_time": "2022-10-19T14:45:51.243Z", "user": 1, "content_type": 14, "object_id": "7", "object_repr": "Comment by admin on Что разработчику нужно знать о работе с дизайном", "action_flag": 3, "change_message": ""}}, {"model": "admin.logentry", "pk": 25, "fields": {"action_time": "2022-10-19T14:45:51.248Z", "user": 1, "content_type": 14, "object_id": "8", "object_repr": "Comment by admin on Что разработчику нужно знать о работе с дизайном", "action_flag": 3, "change_message": ""}}, {"model": "admin.logentry", "pk": 26, "fields": {"action_time": "2022-10-19T14:45:51.252Z", "user": 1, "content_type": 14, "object_id": "9", "object_repr": "Comment by bob on Что разработчику нужно знать о работе с дизайном", "action_flag": 3, "change_message": ""}}, {"model": "admin.logentry", "pk": 27, "fields": {"action_time": "2022-10-19T14:45:51.256Z", "user": 1, "content_type": 14, "object_id": "10", "object_repr": "Comment by bob on Что разработчику нужно знать о работе с дизайном", "action_flag": 3, "change_message": ""}}, {"model": "admin.logentry", "pk": 28, "fields": {"action_time": "2022-10-19T14:45:51.259Z", "user": 1, "content_type": 14, "object_id": "11", "object_repr": "Comment by bob on Что разработчику нужно знать о работе с дизайном", "action_flag": 3, "change_message": ""}}, {"model": "admin.logentry", "pk": 29, "fields": {"action_time": "2022-10-19T14:45:51.262Z", "user": 1, "content_type": 14, "object_id": "12", "object_repr": "Comment by bob on Что еще нужно знать разработчику", "action_flag": 3, "change_message": ""}}, {"model": "admin.logentry", "pk": 30, "fields": {"action_time": "2022-10-19T14:47:11.706Z", "user": 1, "content_type": 14, "object_id": "13", "object_repr": "Comment by admin on Что еще нужно знать разработчику", "action_flag": 2, "change_message": "[{\"changed\": {\"fields\": [\"Active\"]}}]"}}, {"model": "admin.logentry", "pk": 31, "fields": {"action_time": "2022-10-19T14:47:54.391Z", "user": 1, "content_type": 14, "object_id": "14", "object_repr": "Comment by bob on Что еще нужно знать разработчику", "action_flag": 2, "change_message": "[{\"changed\": {\"fields\": [\"Active\"]}}]"}}, {"model": "admin.logentry", "pk": 32, "fields": {"action_time": "2022-10-19T15:02:14.884Z", "user": 1, "content_type": 14, "object_id": "15", "object_repr": "Comment by admin on Что еще нужно знать разработчику", "action_flag": 2, "change_message": "[{\"changed\": {\"fields\": [\"Active\"]}}]"}}, {"model": "admin.logentry", "pk": 33, "fields": {"action_time": "2022-10-20T03:51:52.462Z", "user": 1, "content_type": 14, "object_id": "16", "object_repr": "Comment by admin on Что еще нужно знать разработчику", "action_flag": 2, "change_message": "[{\"changed\": {\"fields\": [\"Active\"]}}]"}}, {"model": "admin.logentry", "pk": 34, "fields": {"action_time": "2022-10-20T03:52:09.337Z", "user": 1, "content_type": 14, "object_id": "17", "object_repr": "Comment by admin on Что разработчику нужно знать о работе с дизайном", "action_flag": 2, "change_message": "[{\"changed\": {\"fields\": [\"Active\"]}}]"}}, {"model": "admin.logentry", "pk": 35, "fields": {"action_time": "2022-10-20T04:28:40.246Z", "user": 1, "content_type": 10, "object_id": "1", "object_repr": "admin", "action_flag": 2, "change_message": "[{\"changed\": {\"fields\": [\"Avatar\"]}}]"}}, {"model": "admin.logentry", "pk": 36, "fields": {"action_time": "2022-10-20T07:51:43.334Z", "user": 1, "content_type": 9, "object_id": "5", "object_repr": "Презентация как социальный статус", "action_flag": 1, "change_message": "[{\"added\": {}}]"}}, {"model": "admin.logentry", "pk": 37, "fields": {"action_time": "2022-10-20T07:52:38.668Z", "user": 1, "content_type": 9, "object_id": "6", "object_repr": "Идеологический авторитаризм: методология и особенности", "action_flag": 1, "change_message": "[{\"added\": {}}]"}}, {"model": "admin.logentry", "pk": 38, "fields": {"action_time": "2022-10-20T07:53:29.698Z", "user": 1, "content_type": 9, "object_id": "7", "object_repr": "Изотопный гамма-квант: методология и особенности", "action_flag": 1, "change_message": "[{\"added\": {}}]"}}, {"model": "auth.permission", "pk": 1, "fields": {"name": "Can add log entry", "content_type": 1, "codename": "add_logentry"}}, {"model": "auth.permission", "pk": 2, "fields": {"name": "Can change log entry", "content_type": 1, "codename": "change_logentry"}}, {"model": "auth.permission", "pk": 3, "fields": {"name": "Can delete log entry", "content_type": 1, "codename": "delete_logentry"}}, {"model": "auth.permission", "pk": 4, "fields": {"name": "Can view log entry", "content_type": 1, "codename": "view_logentry"}}, {"model": "auth.permission", "pk": 5, "fields": {"name": "Can add permission", "content_type": 2, "codename": "add_permission"}}, {"model": "auth.permission", "pk": 6, "fields": {"name": "Can change permission", "content_type": 2, "codename": "change_permission"}}, {"model": "auth.permission", "pk": 7, "fields": {"name": "Can delete permission", "content_type": 2, "codename": "delete_permission"}}, {"model": "auth.permission", "pk": 8, "fields": {"name": "Can view permission", "content_type": 2, "codename": "view_permission"}}, {"model": "auth.permission", "pk": 9, "fields": {"name": "Can add group", "content_type": 3, "codename": "add_group"}}, {"model": "auth.permission", "pk": 10, "fields": {"name": "Can change group", "content_type": 3, "codename": "change_group"}}, {"model": "auth.permission", "pk": 11, "fields": {"name": "Can delete group", "content_type": 3, "codename": "delete_group"}}, {"model": "auth.permission", "pk": 12, "fields": {"name": "Can view group", "content_type": 3, "codename": "view_group"}}, {"model": "auth.permission", "pk": 13, "fields": {"name": "Can add content type", "content_type": 4, "codename": "add_contenttype"}}, {"model": "auth.permission", "pk": 14, "fields": {"name": "Can change content type", "content_type": 4, "codename": "change_contenttype"}}, {"model": "auth.permission", "pk": 15, "fields": {"name": "Can delete content type", "content_type": 4, "codename": "delete_contenttype"}}, {"model": "auth.permission", "pk": 16, "fields": {"name": "Can view content type", "content_type": 4, "codename": "view_contenttype"}}, {"model": "auth.permission", "pk": 17, "fields": {"name": "Can add session", "content_type": 5, "codename": "add_session"}}, {"model": "auth.permission", "pk": 18, "fields": {"name": "Can change session", "content_type": 5, "codename": "change_session"}}, {"model": "auth.permission", "pk": 19, "fields": {"name": "Can delete session", "content_type": 5, "codename": "delete_session"}}, {"model": "auth.permission", "pk": 20, "fields": {"name": "Can view session", "content_type": 5, "codename": "view_session"}}, {"model": "auth.permission", "pk": 21, "fields": {"name": "Can add tag", "content_type": 6, "codename": "add_tag"}}, {"model": "auth.permission", "pk": 22, "fields": {"name": "Can change tag", "content_type": 6, "codename": "change_tag"}}, {"model": "auth.permission", "pk": 23, "fields": {"name": "Can delete tag", "content_type": 6, "codename": "delete_tag"}}, {"model": "auth.permission", "pk": 24, "fields": {"name": "Can view tag", "content_type": 6, "codename": "view_tag"}}, {"model": "auth.permission", "pk": 25, "fields": {"name": "Can add tagged item", "content_type": 7, "codename": "add_taggeditem"}}, {"model": "auth.permission", "pk": 26, "fields": {"name": "Can change tagged item", "content_type": 7, "codename": "change_taggeditem"}}, {"model": "auth.permission", "pk": 27, "fields": {"name": "Can delete tagged item", "content_type": 7, "codename": "delete_taggeditem"}}, {"model": "auth.permission", "pk": 28, "fields": {"name": "Can view tagged item", "content_type": 7, "codename": "view_taggeditem"}}, {"model": "auth.permission", "pk": 29, "fields": {"name": "Can add category", "content_type": 8, "codename": "add_category"}}, {"model": "auth.permission", "pk": 30, "fields": {"name": "Can change category", "content_type": 8, "codename": "change_category"}}, {"model": "auth.permission", "pk": 31, "fields": {"name": "Can delete category", "content_type": 8, "codename": "delete_category"}}, {"model": "auth.permission", "pk": 32, "fields": {"name": "Can view category", "content_type": 8, "codename": "view_category"}}, {"model": "auth.permission", "pk": 33, "fields": {"name": "Can add post", "content_type": 9, "codename": "add_post"}}, {"model": "auth.permission", "pk": 34, "fields": {"name": "Can change post", "content_type": 9, "codename": "change_post"}}, {"model": "auth.permission", "pk": 35, "fields": {"name": "Can delete post", "content_type": 9, "codename": "delete_post"}}, {"model": "auth.permission", "pk": 36, "fields": {"name": "Can view post", "content_type": 9, "codename": "view_post"}}, {"model": "auth.permission", "pk": 37, "fields": {"name": "Can add user", "content_type": 10, "codename": "add_user"}}, {"model": "auth.permission", "pk": 38, "fields": {"name": "Can change user", "content_type": 10, "codename": "change_user"}}, {"model": "auth.permission", "pk": 39, "fields": {"name": "Can delete user", "content_type": 10, "codename": "delete_user"}}, {"model": "auth.permission", "pk": 40, "fields": {"name": "Can view user", "content_type": 10, "codename": "view_user"}}, {"model": "auth.permission", "pk": 41, "fields": {"name": "Can add ban status", "content_type": 11, "codename": "add_banstatus"}}, {"model": "auth.permission", "pk": 42, "fields": {"name": "Can change ban status", "content_type": 11, "codename": "change_banstatus"}}, {"model": "auth.permission", "pk": 43, "fields": {"name": "Can delete ban status", "content_type": 11, "codename": "delete_banstatus"}}, {"model": "auth.permission", "pk": 44, "fields": {"name": "Can view ban status", "content_type": 11, "codename": "view_banstatus"}}, {"model": "auth.permission", "pk": 45, "fields": {"name": "Can add ban list", "content_type": 12, "codename": "add_banlist"}}, {"model": "auth.permission", "pk": 46, "fields": {"name": "Can change ban list", "content_type": 12, "codename": "change_banlist"}}, {"model": "auth.permission", "pk": 47, "fields": {"name": "Can delete ban list", "content_type": 12, "codename": "delete_banlist"}}, {"model": "auth.permission", "pk": 48, "fields": {"name": "Can view ban list", "content_type": 12, "codename": "view_banlist"}}, {"model": "auth.permission", "pk": 49, "fields": {"name": "Can add attachment", "content_type": 13, "codename": "add_attachment"}}, {"model": "auth.permission", "pk": 50, "fields": {"name": "Can change attachment", "content_type": 13, "codename": "change_attachment"}}, {"model": "auth.permission", "pk": 51, "fields": {"name": "Can delete attachment", "content_type": 13, "codename": "delete_attachment"}}, {"model": "auth.permission", "pk": 52, "fields": {"name": "Can view attachment", "content_type": 13, "codename": "view_attachment"}}, {"model": "auth.permission", "pk": 53, "fields": {"name": "Can add comment", "content_type": 14, "codename": "add_comment"}}, {"model": "auth.permission", "pk": 54, "fields": {"name": "Can change comment", "content_type": 14, "codename": "change_comment"}}, {"model": "auth.permission", "pk": 55, "fields": {"name": "Can delete comment", "content_type": 14, "codename": "delete_comment"}}, {"model": "auth.permission", "pk": 56, "fields": {"name": "Can view comment", "content_type": 14, "codename": "view_comment"}}, {"model": "contenttypes.contenttype", "pk": 1, "fields": {"app_label": "admin", "model": "logentry"}}, {"model": "contenttypes.contenttype", "pk": 2, "fields": {"app_label": "auth", "model": "permission"}}, {"model": "contenttypes.contenttype", "pk": 3, "fields": {"app_label": "auth", "model": "group"}}, {"model": "contenttypes.contenttype", "pk": 4, "fields": {"app_label": "contenttypes", "model": "contenttype"}}, {"model": "contenttypes.contenttype", "pk": 5, "fields": {"app_label": "sessions", "model": "session"}}, {"model": "contenttypes.contenttype", "pk": 6, "fields": {"app_label": "taggit", "model": "tag"}}, {"model": "contenttypes.contenttype", "pk": 7, "fields": {"app_label": "taggit", "model": "taggeditem"}}, {"model": "contenttypes.contenttype", "pk": 8, "fields": {"app_label": "posts", "model": "category"}}, {"model": "contenttypes.contenttype", "pk": 9, "fields": {"app_label": "posts", "model": "post"}}, {"model": "contenttypes.contenttype", "pk": 10, "fields": {"app_label": "users", "model": "user"}}, {"model": "contenttypes.contenttype", "pk": 11, "fields": {"app_label": "users", "model": "banstatus"}}, {"model": "contenttypes.contenttype", "pk": 12, "fields": {"app_label": "users", "model": "banlist"}}, {"model": "contenttypes.contenttype", "pk": 13, "fields": {"app_label": "django_summernote", "model": "attachment"}}, {"model": "contenttypes.contenttype", "pk": 14, "fields": {"app_label": "posts", "model": "comment"}}, {"model": "sessions.session", "pk": "7ugsv66cckvdg0jlatjeooza7e65d45r", "fields": {"session_data": ".eJxVjDsOwjAQBe_iGlnxb-1Q0ucMlu3dJQEUS3FSIe5OIqWA9s3Me4uYtnWMW6MlTiiuQonL75ZTedJ8AHyk-V5lqfO6TFkeijxpk0NFet1O9-9gTG3ca3JQ2JJzhYFNn0ErRI1ADIZZmULGY2DQfUgeTCZlbdG7mjrfcQDx-QIDuzhL:1olOXC:U-a9n0AsYZl_sJ9QpFL3pd-NJ-329DrguQUy00lTCYg", "expire_date": "2022-11-03T05:56:02.430Z"}}, {"model": "taggit.tag", "pk": 1, "fields": {"name": "сетевые технологии", "slug": "сетевые-технологии"}}, {"model": "taggit.tag", "pk": 2, "fields": {"name": "Базы данных", "slug": "базы-данных"}}, {"model": "taggit.tag", "pk": 3, "fields": {"name": "научные статьи", "slug": "научные-статьи"}}, {"model": "taggit.tag", "pk": 4, "fields": {"name": "программирование", "slug": "программирование"}}, {"model": "taggit.tag", "pk": 5, "fields": {"name": "Операционные системы", "slug": "операционные-системы"}}, {"model": "taggit.tag", "pk": 6, "fields": {"name": "Веб разработка", "slug": "веб-разработка"}}, {"model": "taggit.tag", "pk": 7, "fields": {"name": "искуственный интеллект", "slug": "искуственный-интеллект"}}, {"model": "taggit.tag", "pk": 8, "fields": {"name": "Научные статьи", "slug": "научные-статьи_1"}}, {"model": "taggit.tag", "pk": 9, "fields": {"name": "Сетевые технологии", "slug": "сетевые-технологии_1"}}, {"model": "taggit.tag", "pk": 10, "fields": {"name": "Искуственный интеллект", "slug": "искуственный-интеллект_1"}}, {"model": "taggit.tag", "pk": 11, "fields": {"name": "Программирование", "slug": "программирование_1"}}, {"model": "taggit.tag", "pk": 12, "fields": {"name": "ОС Linux", "slug": "ос-linux"}}, {"model": "taggit.taggeditem", "pk": 8, "fields": {"tag": 1, "content_type": 9, "object_id": 2}}, {"model": "taggit.taggeditem", "pk": 9, "fields": {"tag": 2, "content_type": 9, "object_id": 2}}, {"model": "taggit.taggeditem", "pk": 10, "fields": {"tag": 3, "content_type": 9, "object_id": 2}}, {"model": "taggit.taggeditem", "pk": 11, "fields": {"tag": 4, "content_type": 9, "object_id": 2}}, {"model": "taggit.taggeditem", "pk": 12, "fields": {"tag": 5, "content_type": 9, "object_id": 2}}, {"model": "taggit.taggeditem", "pk": 13, "fields": {"tag": 6, "content_type": 9, "object_id": 2}}, {"model": "taggit.taggeditem", "pk": 14, "fields": {"tag": 7, "content_type": 9, "object_id": 2}}, {"model": "taggit.taggeditem", "pk": 15, "fields": {"tag": 8, "content_type": 9, "object_id": 3}}, {"model": "taggit.taggeditem", "pk": 16, "fields": {"tag": 9, "content_type": 9, "object_id": 3}}, {"model": "taggit.taggeditem", "pk": 17, "fields": {"tag": 10, "content_type": 9, "object_id": 3}}, {"model": "taggit.taggeditem", "pk": 18, "fields": {"tag": 11, "content_type": 9, "object_id": 3}}, {"model": "taggit.taggeditem", "pk": 19, "fields": {"tag": 12, "content_type": 9, "object_id": 3}}, {"model": "taggit.taggeditem", "pk": 20, "fields": {"tag": 1, "content_type": 9, "object_id": 4}}, {"model": "taggit.taggeditem", "pk": 21, "fields": {"tag": 2, "content_type": 9, "object_id": 4}}, {"model": "taggit.taggeditem", "pk": 22, "fields": {"tag": 3, "content_type": 9, "object_id": 4}}, {"model": "taggit.taggeditem", "pk": 23, "fields": {"tag": 4, "content_type": 9, "object_id": 4}}, {"model": "taggit.taggeditem", "pk": 24, "fields": {"tag": 5, "content_type": 9, "object_id": 4}}, {"model": "taggit.taggeditem", "pk": 25, "fields": {"tag": 6, "content_type": 9, "object_id": 4}}, {"model": "taggit.taggeditem", "pk": 26, "fields": {"tag": 7, "content_type": 9, "object_id": 4}}, {"model": "taggit.taggeditem", "pk": 27, "fields": {"tag": 8, "content_type": 9, "object_id": 5}}, {"model": "taggit.taggeditem", "pk": 28, "fields": {"tag": 9, "content_type": 9, "object_id": 5}}, {"model": "taggit.taggeditem", "pk": 29, "fields": {"tag": 10, "content_type": 9, "object_id": 5}}, {"model": "taggit.taggeditem", "pk": 30, "fields": {"tag": 11, "content_type": 9, "object_id": 5}}, {"model": "taggit.taggeditem", "pk": 31, "fields": {"tag": 12, "content_type": 9, "object_id": 5}}, {"model": "taggit.taggeditem", "pk": 32, "fields": {"tag": 1, "content_type": 9, "object_id": 6}}, {"model": "taggit.taggeditem", "pk": 33, "fields": {"tag": 2, "content_type": 9, "object_id": 6}}, {"model": "taggit.taggeditem", "pk": 34, "fields": {"tag": 3, "content_type": 9, "object_id": 6}}, {"model": "taggit.taggeditem", "pk": 35, "fields": {"tag": 4, "content_type": 9, "object_id": 6}}, {"model": "taggit.taggeditem", "pk": 36, "fields": {"tag": 5, "content_type": 9, "object_id": 6}}, {"model": "taggit.taggeditem", "pk": 37, "fields": {"tag": 6, "content_type": 9, "object_id": 6}}, {"model": "taggit.taggeditem", "pk": 38, "fields": {"tag": 7, "content_type": 9, "object_id": 6}}, {"model": "taggit.taggeditem", "pk": 39, "fields": {"tag": 2, "content_type": 9, "object_id": 7}}, {"model": "taggit.taggeditem", "pk": 40, "fields": {"tag": 3, "content_type": 9, "object_id": 7}}, {"model": "taggit.taggeditem", "pk": 41, "fields": {"tag": 4, "content_type": 9, "object_id": 7}}, {"model": "taggit.taggeditem", "pk": 42, "fields": {"tag": 5, "content_type": 9, "object_id": 7}}, {"model": "taggit.taggeditem", "pk": 43, "fields": {"tag": 6, "content_type": 9, "object_id": 7}}, {"model": "taggit.taggeditem", "pk": 44, "fields": {"tag": 7, "content_type": 9, "object_id": 7}}, {"model": "posts.category", "pk": 1, "fields": {"name": "Дизайн", "description": "Раздел статей из категории Дизайн"}}, {"model": "posts.category", "pk": 2, "fields": {"name": "Веб разработка", "description": "Раздел статей из категории Веб разработки"}}, {"model": "posts.category", "pk": 3, "fields": {"name": "Мобильная разработка", "description": "Раздел статей из категории Мобильной разработки"}}, {"model": "posts.category", "pk": 4, "fields": {"name": "Маркетинг", "description": "Раздел статей из категории Маркетинг"}}, {"model": "posts.post", "pk": 2, "fields": {"header": "Что разработчику нужно знать о работе с дизайном", "slug": "chto-razrabotchiku-nuzhno-znat-o-rabote-s-dizajnom1665991274", "author": 1, "body": "<h6 style=\"font-family: Hind, sans-serif; font-weight: 700; line-height: 1.4; color: rgb(81, 87, 105); margin: 0px 0px 15px; text-align: justify;\">Краткая история графических интерфейсов</h6><p style=\"margin-bottom: 15px; line-height: 1.4; font-family: Hind, sans-serif; font-size: 15px; color: rgb(166, 167, 170); text-align: justify;\">Интерфейсы с начала 70-х претерпели много изменений - это напрямую связано с методами ввода информации в вычислительные машины. Поначалу это были рычаги и тумблеры (по типу управления радио и телевизором), были джойстики, манипуляторы, дальше появились клавиатуры, мыши, сейчас уже появляются новые методы ввода в виде захвата движения камерой и нейроинтерфейсы.</p><p style=\"margin-bottom: 15px; line-height: 1.4; font-family: Hind, sans-serif; font-size: 15px; color: rgb(166, 167, 170); text-align: justify;\">С появлением клавиатур были придуманы методы текстового ввода команд в компьютеры - то есть человек просто писал в заранее заданном формате то что ему нужно от машины и она давала ему результат. Так продолжалось достаточно долго, в компании пришли доступные компьютеры, и людей, которые занимаются бумажной работой массово стали пересаживать за ЭВМ.</p><p style=\"margin-bottom: 15px; line-height: 1.4; font-family: Hind, sans-serif; font-size: 15px; color: rgb(166, 167, 170); text-align: justify;\">В 1983 появился первый графический интерфейс для управления компьютером - это был оконный интерфейс, который принципиально по другому предлагал пользователю решать его задачи. С того времени нужно было всё меньше вводить текстовых команд, и всё больше кликать на кнопки. Рядовому пользователю стало проще и быстрее работать.</p><p style=\"margin-bottom: 15px; line-height: 1.4; font-family: Hind, sans-serif; font-size: 15px; color: rgb(166, 167, 170); text-align: justify;\">В 2021 году всё ещё используются текстовые интерфейсы, но почти все они нужны для очень узкого круга пользователей, все остальные пользуются графическими интерфейсами. Из этого и следует необходимость компаний нанимать не только разработчиков, но и дизайнеров пользовательских интерфейсов.</p><h6 style=\"font-family: Hind, sans-serif; font-weight: 700; line-height: 1.4; color: rgb(81, 87, 105); margin: 0px 0px 15px; text-align: justify;\">Может ли UI существовать отдельно от UX?</h6><p style=\"margin-bottom: 15px; line-height: 1.4; font-family: Hind, sans-serif; font-size: 15px; color: rgb(166, 167, 170); text-align: justify;\">Если в команде есть только UI дизайнер - то вы получите на выходе дизайн, который эстетичен, аккуратен, концептуален…. но отдален от реальности настолько же, как Земля далеко от Марса. Этот дизайн покорит сердце ваших инвесторов, но после начала разработки, вы получите результат, который разобьет сердце инвестора.</p><p style=\"margin-bottom: 15px; line-height: 1.4; font-family: Hind, sans-serif; font-size: 15px; color: rgb(166, 167, 170); text-align: justify;\">Если в команде есть только UX дизайнер - то вы получите на выходе рабочий интерфейс, которым будет лишен всего, кроме функционала. UX дизайнеры очень похожи по результатам своей работы на программистов, которые посредственно отображают данные пользователю - их нельзя за это винить, у их другая сфера, они не должны заботиться о внешности дизайна. Результат интерфейса, который строится лишь на UX - никакой коммерции, только решение задачи пользователя. Примером могут служить графические оболочки Linux - вроде LXQT, или набора офисных программ LibreOffice - вроде да, они выполняют задачи пользователя, но если у пользователя будет выбор - то он с радостью пересядет на MSOfficе, или даже на GoogleDocs.</p><p style=\"margin-bottom: 15px; line-height: 1.4; font-family: Hind, sans-serif; font-size: 15px; color: rgb(166, 167, 170); text-align: justify;\">Выводы тут очевидны - работать над интерфейсом помимо разработчиков должен и UI и UX дизайнер, иначе ваш интерфейс рискует стать провальным.</p>", "date_creation": "2022-10-17T07:21:14Z", "status": "draft", "id_category": 1}}, {"model": "posts.post", "pk": 3, "fields": {"header": "Что еще нужно знать разработчику", "slug": "chto-esche-nuzhno-znat-razrabotchiku1666005830", "author": 2, "body": "<h6 style=\"font-family: Hind, sans-serif; font-weight: 700; line-height: 1.4; color: rgb(81, 87, 105); margin: 0px 0px 15px; text-align: justify;\">Краткая история графических интерфейсов</h6><p style=\"margin-bottom: 15px; line-height: 1.4; font-family: Hind, sans-serif; font-size: 15px; color: rgb(166, 167, 170); text-align: justify;\">Интерфейсы с начала 70-х претерпели много изменений - это напрямую связано с методами ввода информации в вычислительные машины. Поначалу это были рычаги и тумблеры (по типу управления радио и телевизором), были джойстики, манипуляторы, дальше появились клавиатуры, мыши, сейчас уже появляются новые методы ввода в виде захвата движения камерой и нейроинтерфейсы.</p><p style=\"margin-bottom: 15px; line-height: 1.4; font-family: Hind, sans-serif; font-size: 15px; color: rgb(166, 167, 170); text-align: justify;\">С появлением клавиатур были придуманы методы текстового ввода команд в компьютеры - то есть человек просто писал в заранее заданном формате то что ему нужно от машины и она давала ему результат. Так продолжалось достаточно долго, в компании пришли доступные компьютеры, и людей, которые занимаются бумажной работой массово стали пересаживать за ЭВМ.</p><p style=\"margin-bottom: 15px; line-height: 1.4; font-family: Hind, sans-serif; font-size: 15px; color: rgb(166, 167, 170); text-align: justify;\">В 1983 появился первый графический интерфейс для управления компьютером - это был оконный интерфейс, который принципиально по другому предлагал пользователю решать его задачи. С того времени нужно было всё меньше вводить текстовых команд, и всё больше кликать на кнопки. Рядовому пользователю стало проще и быстрее работать.</p><p style=\"margin-bottom: 15px; line-height: 1.4; font-family: Hind, sans-serif; font-size: 15px; color: rgb(166, 167, 170); text-align: justify;\">В 2021 году всё ещё используются текстовые интерфейсы, но почти все они нужны для очень узкого круга пользователей, все остальные пользуются графическими интерфейсами. Из этого и следует необходимость компаний нанимать не только разработчиков, но и дизайнеров пользовательских интерфейсов.</p><h6 style=\"font-family: Hind, sans-serif; font-weight: 700; line-height: 1.4; color: rgb(81, 87, 105); margin: 0px 0px 15px; text-align: justify;\">Может ли UI существовать отдельно от UX?</h6><p style=\"margin-bottom: 15px; line-height: 1.4; font-family: Hind, sans-serif; font-size: 15px; color: rgb(166, 167, 170); text-align: justify;\">Если в команде есть только UI дизайнер - то вы получите на выходе дизайн, который эстетичен, аккуратен, концептуален…. но отдален от реальности настолько же, как Земля далеко от Марса. Этот дизайн покорит сердце ваших инвесторов, но после начала разработки, вы получите результат, который разобьет сердце инвестора.</p><p style=\"margin-bottom: 15px; line-height: 1.4; font-family: Hind, sans-serif; font-size: 15px; color: rgb(166, 167, 170); text-align: justify;\">Если в команде есть только UX дизайнер - то вы получите на выходе рабочий интерфейс, которым будет лишен всего, кроме функционала. UX дизайнеры очень похожи по результатам своей работы на программистов, которые посредственно отображают данные пользователю - их нельзя за это винить, у их другая сфера, они не должны заботиться о внешности дизайна. Результат интерфейса, который строится лишь на UX - никакой коммерции, только решение задачи пользователя. Примером могут служить графические оболочки Linux - вроде LXQT, или набора офисных программ LibreOffice - вроде да, они выполняют задачи пользователя, но если у пользователя будет выбор - то он с радостью пересядет на MSOfficе, или даже на GoogleDocs.</p><p style=\"margin-bottom: 15px; line-height: 1.4; font-family: Hind, sans-serif; font-size: 15px; color: rgb(166, 167, 170); text-align: justify;\">Выводы тут очевидны - работать над интерфейсом помимо разработчиков должен и UI и UX дизайнер, иначе ваш интерфейс рискует стать провальным.</p>", "date_creation": "2022-10-17T11:23:50Z", "status": "draft", "id_category": 2}}, {"model": "posts.post", "pk": 4, "fields": {"header": "И еще что нужно знать разработчику", "slug": "i-esche-chto-nuzhno-znat-razrabotchiku1666005900", "author": 2, "body": "<h6 style=\"font-family: Hind, sans-serif; font-weight: 700; line-height: 1.4; color: rgb(81, 87, 105); margin: 0px 0px 15px; text-align: justify;\">Краткая история графических интерфейсов</h6><p style=\"margin-bottom: 15px; line-height: 1.4; font-family: Hind, sans-serif; font-size: 15px; color: rgb(166, 167, 170); text-align: justify;\">Интерфейсы с начала 70-х претерпели много изменений - это напрямую связано с методами ввода информации в вычислительные машины. Поначалу это были рычаги и тумблеры (по типу управления радио и телевизором), были джойстики, манипуляторы, дальше появились клавиатуры, мыши, сейчас уже появляются новые методы ввода в виде захвата движения камерой и нейроинтерфейсы.</p><p style=\"margin-bottom: 15px; line-height: 1.4; font-family: Hind, sans-serif; font-size: 15px; color: rgb(166, 167, 170); text-align: justify;\">С появлением клавиатур были придуманы методы текстового ввода команд в компьютеры - то есть человек просто писал в заранее заданном формате то что ему нужно от машины и она давала ему результат. Так продолжалось достаточно долго, в компании пришли доступные компьютеры, и людей, которые занимаются бумажной работой массово стали пересаживать за ЭВМ.</p><p style=\"margin-bottom: 15px; line-height: 1.4; font-family: Hind, sans-serif; font-size: 15px; color: rgb(166, 167, 170); text-align: justify;\">В 1983 появился первый графический интерфейс для управления компьютером - это был оконный интерфейс, который принципиально по другому предлагал пользователю решать его задачи. С того времени нужно было всё меньше вводить текстовых команд, и всё больше кликать на кнопки. Рядовому пользователю стало проще и быстрее работать.</p><p style=\"margin-bottom: 15px; line-height: 1.4; font-family: Hind, sans-serif; font-size: 15px; color: rgb(166, 167, 170); text-align: justify;\">В 2021 году всё ещё используются текстовые интерфейсы, но почти все они нужны для очень узкого круга пользователей, все остальные пользуются графическими интерфейсами. Из этого и следует необходимость компаний нанимать не только разработчиков, но и дизайнеров пользовательских интерфейсов.</p><h6 style=\"font-family: Hind, sans-serif; font-weight: 700; line-height: 1.4; color: rgb(81, 87, 105); margin: 0px 0px 15px; text-align: justify;\">Может ли UI существовать отдельно от UX?</h6><p style=\"margin-bottom: 15px; line-height: 1.4; font-family: Hind, sans-serif; font-size: 15px; color: rgb(166, 167, 170); text-align: justify;\">Если в команде есть только UI дизайнер - то вы получите на выходе дизайн, который эстетичен, аккуратен, концептуален…. но отдален от реальности настолько же, как Земля далеко от Марса. Этот дизайн покорит сердце ваших инвесторов, но после начала разработки, вы получите результат, который разобьет сердце инвестора.</p><p style=\"margin-bottom: 15px; line-height: 1.4; font-family: Hind, sans-serif; font-size: 15px; color: rgb(166, 167, 170); text-align: justify;\">Если в команде есть только UX дизайнер - то вы получите на выходе рабочий интерфейс, которым будет лишен всего, кроме функционала. UX дизайнеры очень похожи по результатам своей работы на программистов, которые посредственно отображают данные пользователю - их нельзя за это винить, у их другая сфера, они не должны заботиться о внешности дизайна. Результат интерфейса, который строится лишь на UX - никакой коммерции, только решение задачи пользователя. Примером могут служить графические оболочки Linux - вроде LXQT, или набора офисных программ LibreOffice - вроде да, они выполняют задачи пользователя, но если у пользователя будет выбор - то он с радостью пересядет на MSOfficе, или даже на GoogleDocs.</p><p style=\"margin-bottom: 15px; line-height: 1.4; font-family: Hind, sans-serif; font-size: 15px; color: rgb(166, 167, 170); text-align: justify;\">Выводы тут очевидны - работать над интерфейсом помимо разработчиков должен и UI и UX дизайнер, иначе ваш интерфейс рискует стать провальным.</p>", "date_creation": "2022-10-17T11:25:00Z", "status": "draft", "id_category": 4}}, {"model": "posts.post", "pk": 5, "fields": {"header": "Презентация как социальный статус", "slug": "prezentatsija-kak-sotsialnyj-status1666252241", "author": 1, "body": "<p dir=\"ltr\" style=\"line-height:1.38;margin-top:0pt;margin-bottom:0pt;\"><span style=\"font-size:11pt;font-family:Arial;color:#000000;background-color:transparent;font-weight:400;font-style:normal;font-variant:normal;text-decoration:none;vertical-align:baseline;white-space:pre;white-space:pre-wrap;\">Ребрендинг спорадически искажает эксклюзивный целевой сегмент рынка. В рамках концепции Акоффа и Стэка, оценка эффективности кампании развивает имидж предприятия. Бюджет на размещение, не меняя концепции, изложенной выше, конкурентоспособен.</span></p><p dir=\"ltr\" style=\"line-height:1.38;margin-top:0pt;margin-bottom:0pt;\"><span style=\"font-size:11pt;font-family:Arial;color:#000000;background-color:transparent;font-weight:400;font-style:normal;font-variant:normal;text-decoration:none;vertical-align:baseline;white-space:pre;white-space:pre-wrap;\">Согласно предыдущему, каждая сфера рынка упорядочивает жизненный цикл продукции. Направленный маркетинг раскручивает ролевой охват аудитории. Имидж ригиден. Воздействие на потребителя методически притягивает эксклюзивный медиавес.</span></p><p><span id=\"docs-internal-guid-0f2764a2-7fff-3473-6d68-57de048ef7d3\"></span></p><p dir=\"ltr\" style=\"line-height:1.38;margin-top:0pt;margin-bottom:0pt;\"><span style=\"font-size:11pt;font-family:Arial;color:#000000;background-color:transparent;font-weight:400;font-style:normal;font-variant:normal;text-decoration:none;vertical-align:baseline;white-space:pre;white-space:pre-wrap;\">Потребление традиционно ускоряет из ряда вон выходящий ребрендинг. Имиджевая реклама, конечно, инновационна. Формирование имиджа непосредственно тормозит институциональный формат события. Психология восприятия рекламы подсознательно синхронизирует инструмент маркетинга. Искусство медиапланирования, суммируя приведенные примеры, изменяет социальный статус, опираясь на опыт западных коллег. Стоит отметить, что бизнес-модель транслирует целевой трафик.</span></p>", "date_creation": "2022-10-20T07:50:41Z", "status": "published", "id_category": 3}}, {"model": "posts.post", "pk": 6, "fields": {"header": "Идеологический авторитаризм: методология и особенности", "slug": "ideologicheskij-avtoritarizm-metodologija-i-osobennosti1666252326", "author": 2, "body": "<p dir=\"ltr\" style=\"line-height:1.38;margin-top:0pt;margin-bottom:0pt;\"><span style=\"font-size:11pt;font-family:Arial;color:#000000;background-color:transparent;font-weight:400;font-style:normal;font-variant:normal;text-decoration:none;vertical-align:baseline;white-space:pre;white-space:pre-wrap;\">Политические учения Гоббса иллюстрирует тоталитарный тип политической культуры. Политическое учение Августина, особенно в условиях политической нестабильности, вызывает политический процесс в современной России. Политическое учение Платона символизирует элемент политического процесса, об этом прямо сказано в статье 2 Конституции РФ. Коммунизм, как бы это ни казалось парадоксальным, иллюстрирует эмпирический либерализм, о чем писали такие авторы, как Ю.Хабермас и Т.Парсонс. Англо-американский тип политической культуры означает гносеологический политический процесс в современной России. Политическое учение Монтескье представляет собой идеологический субъект политического процесса.</span></p><p dir=\"ltr\" style=\"line-height:1.38;margin-top:0pt;margin-bottom:0pt;\"><span style=\"font-size:11pt;font-family:Arial;color:#000000;background-color:transparent;font-weight:400;font-style:normal;font-variant:normal;text-decoration:none;vertical-align:baseline;white-space:pre;white-space:pre-wrap;\">Политические учения Гоббса, тем более в условиях социально-экономического кризиса, сохраняет конструктивный механизм власти. Вместе с тем,&nbsp; институциализация&nbsp;</span></p><p dir=\"ltr\" style=\"line-height:1.38;margin-top:0pt;margin-bottom:0pt;\"><span style=\"font-size:11pt;font-family:Arial;color:#000000;background-color:transparent;font-weight:400;font-style:normal;font-variant:normal;text-decoration:none;vertical-align:baseline;white-space:pre;white-space:pre-wrap;\">однозначно отражает политический процесс в современной России. Н.А.Бердяев отмечает, что&nbsp; политическое учение Монтескье неизбежно. Конституционная демократия ограничивает марксизм. Мажоритарная избирательная система, короче говоря, доказывает субъект политического процесса.</span></p><p><span id=\"docs-internal-guid-1844e74a-7fff-f7ce-7c9a-85a8046001cb\"></span></p><p dir=\"ltr\" style=\"line-height:1.38;margin-top:0pt;margin-bottom:0pt;\"><span style=\"font-size:11pt;font-family:Arial;color:#000000;background-color:transparent;font-weight:400;font-style:normal;font-variant:normal;text-decoration:none;vertical-align:baseline;white-space:pre;white-space:pre-wrap;\">Между тем,&nbsp; форма политического сознания ограничивает онтологический континентально-европейский тип политической культуры. Типология средств массовой коммуникации, в первом приближении, ограничивает конструктивный постиндустриализм. Совершенно неверно полагать, что&nbsp; политическое манипулирование фактически верифицирует англо-американский тип политической культуры. Несмотря на внутренние противоречия, гуманизм приводит эмпирический коллапс Советского Союза.</span></p>", "date_creation": "2022-10-20T07:52:06Z", "status": "published", "id_category": 4}}, {"model": "posts.post", "pk": 7, "fields": {"header": "Изотопный гамма-квант: методология и особенности", "slug": "izotopnyj-gamma-kvant-metodologija-i-osobennosti1666252362", "author": 2, "body": "<p dir=\"ltr\" style=\"line-height:1.38;margin-top:0pt;margin-bottom:0pt;\"><span style=\"font-size:11pt;font-family:Arial;color:#000000;background-color:transparent;font-weight:400;font-style:normal;font-variant:normal;text-decoration:none;vertical-align:baseline;white-space:pre;white-space:pre-wrap;\">Очевидно, что сверхпроводник неустойчив относительно гравитационных возмущений. Химическое соединение устойчиво синхронизует гамма-квант так, как это могло бы происходить в полупроводнике с широкой запрещенной зоной. Кварк, на первый взгляд, возбуждает солитон по мере распространения сигнала в среде с инверсной населенностью. Струя, вследствие квантового характера явления, воспроизводима в лабораторных условиях. В условиях электромагнитных помех, неизбежных при полевых измерениях, не всегда можно опредлить, когда именно солитон зеркально сжимает тангенциальный пульсар.</span></p><p dir=\"ltr\" style=\"line-height:1.38;margin-top:0pt;margin-bottom:0pt;\"><span style=\"font-size:11pt;font-family:Arial;color:#000000;background-color:transparent;font-weight:400;font-style:normal;font-variant:normal;text-decoration:none;vertical-align:baseline;white-space:pre;white-space:pre-wrap;\">Волновая тень, в первом приближении, изотермично сжимает экситон. Колебание заряжено. Сингулярность искажает объект. Колебание представляет собой взрыв.</span></p><p><span id=\"docs-internal-guid-078b3671-7fff-de94-0251-6c6db5dc979b\"></span></p><p dir=\"ltr\" style=\"line-height:1.38;margin-top:0pt;margin-bottom:0pt;\"><span style=\"font-size:11pt;font-family:Arial;color:#000000;background-color:transparent;font-weight:400;font-style:normal;font-variant:normal;text-decoration:none;vertical-align:baseline;white-space:pre;white-space:pre-wrap;\">Атом, в согласии с традиционными представлениями, неустойчив относительно гравитационных возмущений. Течение среды расщепляет экситон. Турбулентность растягивает погранслой. Еще в ранних работах Л.Д.Ландау показано, что течение среды поглощает резонатор. Пульсар неверифицируемо тормозит кристалл одинаково по всем направлениям. Самосогласованная модель предсказывает, что при определенных условиях гомогенная среда неустойчиво возбуждает резонатор, даже если пока мы не можем наблюсти это непосредственно.</span></p>", "date_creation": "2022-10-20T07:52:42Z", "status": "draft", "id_category": 3}}, {"model": "posts.comment", "pk": 1, "fields": {"user": 1, "post": 2, "body": "Супер классный комментарий", "created": "2022-10-19T10:23:54Z", "updated": "2022-10-19T10:24:11.938Z", "active": true}}, {"model": "posts.comment", "pk": 13, "fields": {"user": 1, "post": 3, "body": "Суперский коммент", "created": "2022-10-19T14:46:56Z", "updated": "2022-10-19T14:47:11.706Z", "active": true}}, {"model": "posts.comment", "pk": 14, "fields": {"user": 2, "post": 3, "body": "Еще один коммент", "created": "2022-10-19T14:47:36Z", "updated": "2022-10-19T14:47:54.391Z", "active": true}}, {"model": "posts.comment", "pk": 15, "fields": {"user": 1, "post": 3, "body": "123", "created": "2022-10-19T15:02:00Z", "updated": "2022-10-19T15:02:14.883Z", "active": true}}, {"model": "posts.comment", "pk": 16, "fields": {"user": 1, "post": 3, "body": "34534", "created": "2022-10-19T15:02:48Z", "updated": "2022-10-20T03:51:52.462Z", "active": true}}, {"model": "posts.comment", "pk": 17, "fields": {"user": 1, "post": 2, "body": "Еще один коммент", "created": "2022-10-20T03:51:28Z", "updated": "2022-10-20T03:52:09.336Z", "active": true}}, {"model": "users.user", "pk": 1, "fields": {"password": "pbkdf2_sha256$390000$PsGkJ7FP6lxvQ5OvwbxUd0$NG/TYbr9jWiAWy9HpIylAmJo4P174tvR/Ipy3Z38enk=", "last_login": "2022-10-20T05:56:02.425Z", "is_superuser": true, "email": "admin@local.ru", "username": "admin", "first_name": "admin", "last_name": "admin", "date_joined": "2022-10-13T08:16:23Z", "is_active": true, "is_staff": true, "age": 43, "about_me": "dsfsfsdf", "avatar": "avatars/3960.jpg", "groups": [], "user_permissions": []}}, {"model": "users.user", "pk": 2, "fields": {"password": "pbkdf2_sha256$390000$Bdl5SjrTIQl2HNYE5kn9MD$T7xgq2atyO53lIjdEa3xHJ/rhsy2pp2wPX9hJ0ta6RM=", "last_login": "2022-10-20T05:10:46.980Z", "is_superuser": false, "email": "bob@local.ru", "username": "bob", "first_name": "bobik", "last_name": "bobik", "date_joined": "2022-10-13T08:17:47.766Z", "is_active": true, "is_staff": false, "age": null, "about_me": "", "avatar": "", "groups": [], "user_permissions": []}}]